Official name of position,internal naming per Disk,Module,flex cable,HubID,PC position phi,PC position Mirror,PC port,PC identifier,PC name,DCDC,DCDC J11/J12,DCDC channel,DCDC name,Filterboard module power ID,Filterboard module power,POH board,POH Bundle,POH SN,DOH bundle,DOH QR,DOH A/B,CCU,channel,PP0 Adapter/FED,PP0 Ad.Slot/FED,PP0 Adapter/FEC,PP0 Ad.Slot/FEC,internal POH no,POH fiber color,FED channel,FED position,FED receiver,FED ID,FEC/FED crate,FEC ID,FEC position,mfec,mfecchannel,HV group,nominal HV,old FED ID,,,,,,,
FPix_BmO_D1_BLD11_PNL2_RNG1,1T,M-Q-4-23,4119W,15,1Ta,1TD,6,PR113,portcard_FPix_BmO_D1_PRT4,PB-16,J12,4,dcdc_FPix_BmO_D1_PRT4,Disk1_RG1,CI-A 036,P88,A21,SN133278/0001,B14,3.02E+13,A,0x7b,0x10,FPix -z down right 2,1,FPix -z down right 3,2,1,brown-4,31/32,7,b,1338,bottom,,10,1,1,D1-RG1-HV2,,1307,BmO,,PortCard Position:,,,,
FPix_BmO_D1_BLD10_PNL2_RNG1,2T,M-Q-4-16,4117W,14,1Ta,1TD,4,PR113,portcard_FPix_BmO_D1_PRT4,PB-16,J12,4,dcdc_FPix_BmO_D1_PRT4,Disk1_RG1,CI-A 036,P88,A20,SN133278/0002,B14,3.02E+13,A,0x7b,0x10,FPix -z down right 2,2,FPix -z down right 3,2,2,brown-4,7/8,7,t,1338,bottom,,10,1,1,D1-RG1-HV2,,1307,,,XYZ-#:,X: disk number 1-3,,,
FPix_BmO_D1_BLD9_PNL2_RNG1,3T,M-Q-1-09,4121W,13,1Ta,1TD,2,PR113,portcard_FPix_BmO_D1_PRT4,PB-16,J12,4,dcdc_FPix_BmO_D1_PRT4,Disk1_RG1,CI-A 036,P88,A19,SN133278/0003,B14,3.02E+13,A,0x7b,0x10,FPix -z down right 2,3,FPix -z down right 3,2,3,brown-4,31/32,6,b,1337,bottom,,10,1,1,D1-RG1-HV2,,1306,,,,Y: top/bottom,,,
FPix_BmO_D1_BLD8_PNL2_RNG1,4T,M-K-3-27,4118W,15,1Tb,1TC,6,PR149,portcard_FPix_BmO_D1_PRT3,PB-4,J12,4,dcdc_FPix_BmO_D1_PRT3,Disk1_RG2,CI-A 027,FP26,A17,SN133278/0005,B14,3.02E+13,B,0x7c,0x10,FPix -z down right 2,5,FPix -z down right 3,2,5,orange-2,27/28,5,b,1336,bottom,,10,1,2,D1-RG2-HV2,,1305,,,,Z: position phi (a-d),,Z: position mirror (A-D),
FPix_BmO_D1_BLD7_PNL2_RNG1,5T,M-Q-7-35,4092,14,1Tb,1TC,2,PR149,portcard_FPix_BmO_D1_PRT3,PB-4,J12,4,dcdc_FPix_BmO_D1_PRT3,Disk1_RG2,CI-A 027,FP26,B15,SN133278/0007,B14,3.02E+13,B,0x7c,0x10,FPix -z down right 3,1,FPix -z down right 3,2,7,orange-2,27/28,4,b,1335,bottom,,10,1,2,D1-RG2-HV2,,1304,,,,#: Slot number (1-7),,,
FPix_BmO_D1_BLD6_PNL2_RNG1,6T,M-Q-3-15,4091,15,1Tc,1TB,6,PR126,portcard_FPix_BmO_D1_PRT2,PB-21,J12,4,dcdc_FPix_BmO_D1_PRT2,Disk1_RG3,CI-A 035,P87,C7,SN133278/0008,C10,3.02E+13,A,0x7e,0x10,FPix -z up right 6,1,FPix -z up right 6,4,8,brown-4,7/8,4,t,1335,bottom,,9,1,1,D1-RG3-HV2,,1304,,,,,,,
FPix_BmO_D1_BLD5_PNL2_RNG1,7T,M-Q-7-27,4102W,14,1Tc,1TB,4,PR126,portcard_FPix_BmO_D1_PRT2,PB-21,J12,4,dcdc_FPix_BmO_D1_PRT2,Disk1_RG3,CI-A 035,P87,C6,SN133278/0009,C10,3.02E+13,A,0x7e,0x10,FPix -z up right 5,6,FPix -z up right 6,4,9,brown-4,31/32,3,b,1334,bottom,,9,1,1,D1-RG3-HV2,,1303,,,BmI:,#NAME?,,,
FPix_BmO_D1_BLD4_PNL2_RNG1,8T,M-Q-A-39,4093,13,1Tc,1TB,2,PR126,portcard_FPix_BmO_D1_PRT2,PB-21,J12,4,dcdc_FPix_BmO_D1_PRT2,Disk1_RG3,CI-A 035,P87,D5,SN133278/0010,C10,3.02E+13,A,0x7e,0x10,FPix -z up right 5,5,FPix -z up right 6,4,10,brown-4,7/8,3,t,1334,bottom,,9,1,1,D1-RG3-HV2,,1303,,,BmO:,#NAME?,,,
FPix_BmO_D1_BLD3_PNL2_RNG1,9T,M-L-2-25,4101W,15,1Td,1TA,6,PR156,portcard_FPix_BmO_D1_PRT1,PB-31,J12,4,dcdc_FPix_BmO_D1_PRT1,Disk1_RG4,CI-A 033,FP24,D3,SN122498/0033,C10,3.02E+13,B,0x7d,0x10,FPix -z up right 5,3,FPix -z up right 6,4,12,orange-2,3/4,2,t,1333,bottom,,9,1,2,D1-RG4-HV2,,1302,,,BpI:,#NAME?,,,
FPix_BmO_D1_BLD2_PNL2_RNG1,10T,M-Q-A-46,4094,14,1Td,1TA,4,PR156,portcard_FPix_BmO_D1_PRT1,PB-31,J12,4,dcdc_FPix_BmO_D1_PRT1,Disk1_RG4,CI-A 033,FP24,D2,SN122498/0049,C10,3.02E+13,B,0x7d,0x10,FPix -z up right 5,2,FPix -z up right 6,4,13,orange-2,27/28,1,b,1332,bottom,,9,1,2,D1-RG4-HV2,,1301,,,BpO:,#NAME?,,,
FPix_BmO_D1_BLD1_PNL2_RNG1,11T,M-H-1-06,4086,13,1Td,1TA,2,PR156,portcard_FPix_BmO_D1_PRT1,PB-31,J12,4,dcdc_FPix_BmO_D1_PRT1,Disk1_RG4,CI-A 033,FP24,D1,SN122498/0055,C10,3.02E+13,B,0x7d,0x10,FPix -z up right 5,1,FPix -z up right 6,4,14,orange-2,3/4,1,t,1332,bottom,,9,1,2,D1-RG4-HV2,,1301,,,,,,,
FPix_BmO_D1_BLD11_PNL1_RNG1,1B,M-Q-A-40,4099W,12,1Ba,1BD,6,PR020,portcard_FPix_BmO_D1_PRT4,PB-16,J11,2,dcdc_FPix_BmO_D1_PRT4,Disk1_RG1,CI-A 036,FP25,A21,SN133278/0001,B14,3.02E+13,A,0x7b,0x10,FPix -z down right 2,1,FPix -z down right 3,2,1,green-3,29/30,7,b,1338,bottom,,10,1,1,D1-RG1-HV2,,1307,,,,,,,
FPix_BmO_D1_BLD10_PNL1_RNG1,2B,M-Q-A-43,4098W,11,1Ba,1BD,4,PR020,portcard_FPix_BmO_D1_PRT4,PB-16,J11,2,dcdc_FPix_BmO_D1_PRT4,Disk1_RG1,CI-A 036,FP25,A20,SN133278/0002,B14,3.02E+13,A,0x7b,0x10,FPix -z down right 2,2,FPix -z down right 3,2,2,green-3,5/6,7,t,1338,bottom,,10,1,1,D1-RG1-HV2,,1307,,,POH bundles,"1,2,3,4,5,6,7,12,13,18,19,20,21,22",,,(14 bundles - 12 fibers/bundle - 1.72 POHs/bundle)
FPix_BmO_D1_BLD9_PNL1_RNG1,3B,M-K-2-38,4098B,10,1Ba,1BD,2,PR020,portcard_FPix_BmO_D1_PRT4,PB-16,J11,2,dcdc_FPix_BmO_D1_PRT4,Disk1_RG1,CI-A 036,FP25,A19,SN133278/0003,B14,3.02E+13,A,0x7b,0x10,FPix -z down right 2,3,FPix -z down right 3,2,3,green-3,29/30,6,b,1337,bottom,,10,1,1,D1-RG1-HV2,,1306,,,pDOH bundles,"8,14,9,15,10,16",,,(6 bundles - 8 fibers/bundle - 2 DOHs/bundle)
FPix_BmO_D1_BLD8_PNL1_RNG1,4B,M-Q-3-44,4097W,13,1Bb,1BC,6,PR049,portcard_FPix_BmO_D1_PRT3,PB-4,J11,2,dcdc_FPix_BmO_D1_PRT3,Disk1_RG2,CI-A 027,PP6,A17,SN133278/0005,B14,3.02E+13,B,0x7c,0x10,FPix -z down right 2,5,FPix -z down right 3,2,5,blue-1,25/26,5,b,1336,bottom,,10,1,2,D1-RG2-HV2,,1305,,,tDOH bundle,17,,,(1 bundle - 8 fibers/bundle)
FPix_BmO_D1_BLD7_PNL1_RNG1,5B,M-Q-1-33,4096W,12,1Bb,1BC,2,PR049,portcard_FPix_BmO_D1_PRT3,PB-4,J11,2,dcdc_FPix_BmO_D1_PRT3,Disk1_RG2,CI-A 027,PP6,B15,SN133278/0007,B14,3.02E+13,B,0x7c,0x10,FPix -z down right 3,1,FPix -z down right 3,2,7,blue-1,25/26,4,b,1335,bottom,,10,1,2,D1-RG2-HV2,,1304,,,,,,,
FPix_BmO_D1_BLD6_PNL1_RNG1,6B,M-Y-J-NK,4095W,12,1Bc,1BB,6,PR007,portcard_FPix_BmO_D1_PRT2,PB-21,J11,2,dcdc_FPix_BmO_D1_PRT2,Disk1_RG3,CI-A 035,FP27,C7,SN133278/0008,C10,3.02E+13,A,0x7e,0x10,FPix -z up right 6,1,FPix -z up right 6,4,8,green-3,5/6,4,t,1335,bottom,,9,1,1,D1-RG3-HV2,,1304,,,"top faces away from IP - is PNL2,  bottom faces towards IP - is PNL1",,,,
FPix_BmO_D1_BLD5_PNL1_RNG1,7B,M-Q-1-24,4087,11,1Bc,1BB,4,PR007,portcard_FPix_BmO_D1_PRT2,PB-21,J11,2,dcdc_FPix_BmO_D1_PRT2,Disk1_RG3,CI-A 035,FP27,C6,SN133278/0009,C10,3.02E+13,A,0x7e,0x10,FPix -z up right 5,6,FPix -z up right 6,4,9,green-3,29/30,3,b,1334,bottom,,9,1,1,D1-RG3-HV2,,1303,,,,,,,
FPix_BmO_D1_BLD4_PNL1_RNG1,8B,M-F-1-22,4095B,10,1Bc,1BB,2,PR007,portcard_FPix_BmO_D1_PRT2,PB-21,J11,2,dcdc_FPix_BmO_D1_PRT2,Disk1_RG3,CI-A 035,FP27,D5,SN133278/0010,C10,3.02E+13,A,0x7e,0x10,FPix -z up right 5,5,FPix -z up right 6,4,10,green-3,5/6,3,t,1334,bottom,,9,1,1,D1-RG3-HV2,,1303,,,"For BmI/BpO, FED positions (POH bundles) 2b(4), 3b(6), 6a(19) contain only outer modules",,,,
FPix_BmO_D1_BLD3_PNL1_RNG1,9B,M-K-3-39,6148,12,1Bd,1BA,6,PR056,portcard_FPix_BmO_D1_PRT1,PB-31,J11,2,dcdc_FPix_BmO_D1_PRT1,Disk1_RG4,CI-A 033,PP8,D3,SN122498/0033,C10,3.02E+13,B,0x7d,0x10,FPix -z up right 5,3,FPix -z up right 6,4,12,blue-1,1/2,2,t,1333,bottom,,9,1,2,D1-RG4-HV2,,1302,,,"For BmI/BpO, FED positions (POH bundles) 2b(4), 5a(17), 6a(19) contain only outer modules",,,,
FPix_BmO_D1_BLD2_PNL1_RNG1,10B,M-Q-2-32,4088,11,1Bd,1BA,4,PR056,portcard_FPix_BmO_D1_PRT1,PB-31,J11,2,dcdc_FPix_BmO_D1_PRT1,Disk1_RG4,CI-A 033,PP8,D2,SN122498/0049,C10,3.02E+13,B,0x7d,0x10,FPix -z up right 5,2,FPix -z up right 6,4,13,blue-1,25/26,1,b,1332,bottom,,9,1,2,D1-RG4-HV2,,1301,,,BmI = FPix Near -   --> down center crate,,,,
FPix_BmO_D1_BLD1_PNL1_RNG1,11B,M-Q-1-13,4089,10,1Bd,1BA,2,PR056,portcard_FPix_BmO_D1_PRT1,PB-31,J11,2,dcdc_FPix_BmO_D1_PRT1,Disk1_RG4,CI-A 033,PP8,D1,SN122498/0055,C10,3.02E+13,B,0x7d,0x10,FPix -z up right 5,1,FPix -z up right 6,4,14,blue-1,1/2,1,t,1332,bottom,,9,1,2,D1-RG4-HV2,,1301,,,BpI = FPix Near +   --> top crate,,,,
FPix_BmO_D1_BLD17_PNL2_RNG2,1T,M-Q-7-24,4128W,9,1Ta,1TD,7,PR113,portcard_FPix_BmO_D1_PRT4,PB-16,J12,3,dcdc_FPix_BmO_D1_PRT4,Disk1_RG1,CI-A 036,P88,A21,SN133278/0001,B14,3.02E+13,A,0x7b,0x10,FPix -z down right 2,1,FPix -z down right 3,2,1,orange-2,27/28,7,b,1338,bottom,,10,1,1,D1-RG1-HV1,,1307,BmO,,BmO = FPix Far -   --> bottom crate,,,,
FPix_BmO_D1_BLD16_PNL2_RNG2,2T,M-Y-Q-NV,4122W,8,1Ta,1TD,5,PR113,portcard_FPix_BmO_D1_PRT4,PB-16,J12,3,dcdc_FPix_BmO_D1_PRT4,Disk1_RG1,CI-A 036,P88,A20,SN133278/0002,B14,3.02E+13,A,0x7b,0x10,FPix -z down right 2,2,FPix -z down right 3,2,2,orange-2,3/4,7,t,1338,bottom,,10,1,1,D1-RG1-HV1,,1307,,,BpO = FPix Far+ --> up center crate,,,,
FPix_BmO_D1_BLD15_PNL2_RNG2,3T,M-Q-5-28,4014,7,1Ta,1TD,3,PR113,portcard_FPix_BmO_D1_PRT4,PB-16,J12,3,dcdc_FPix_BmO_D1_PRT4,Disk1_RG1,CI-A 036,P88,A19,SN133278/0003,B14,3.02E+13,A,0x7b,0x10,FPix -z down right 2,3,FPix -z down right 3,2,3,orange-2,27/28,6,b,1337,bottom,,10,1,1,D1-RG1-HV1,,1306,,,,,,,
FPix_BmO_D1_BLD14_PNL2_RNG2,4T,M-Q-A-25,4031W,6,1Ta,1TD,1,PR113,portcard_FPix_BmO_D1_PRT4,PB-16,J12,3,dcdc_FPix_BmO_D1_PRT4,Disk1_RG1,CI-A 036,P88,A18,SN133278/0004,B14,3.02E+13,A,0x7b,0x10,FPix -z down right 2,4,FPix -z down right 3,2,4,orange-2,3/4,6,t,1337,bottom,,10,1,1,D1-RG1-HV1,,1306,,,,,,,
FPix_BmO_D1_BLD13_PNL2_RNG2,5T,M-Q-7-41,4129W,11,1Tb,1TC,7,PR149,portcard_FPix_BmO_D1_PRT3,PB-4,J12,3,dcdc_FPix_BmO_D1_PRT3,Disk1_RG2,CI-A 027,FP26,A18,SN133278/0004,B14,3.02E+13,B,0x7c,0x10,FPix -z down right 2,4,FPix -z down right 3,2,4,brown-4,7/8,6,t,1337,bottom,,10,1,2,D1-RG2-HV1,,1306,,,mfec 1 --> bottom (lower mezzanine),,,,
FPix_BmO_D1_BLD12_PNL2_RNG2,6T,M-I-4-44,4011,10,1Tb,1TC,5,PR149,portcard_FPix_BmO_D1_PRT3,PB-4,J12,3,dcdc_FPix_BmO_D1_PRT3,Disk1_RG2,CI-A 027,FP26,A17,SN133278/0005,B14,3.02E+13,B,0x7c,0x10,FPix -z down right 2,5,FPix -z down right 3,2,5,brown-4,31/32,5,b,1336,bottom,,10,1,2,D1-RG2-HV1,,1305,,,mfec 2 --> down center (lower mezzanine),,,,
FPix_BmO_D1_BLD11_PNL2_RNG2,7T,M-Q-A-30,4124W,9,1Tb,1TC,4,PR149,portcard_FPix_BmO_D1_PRT3,PB-4,J12,4,dcdc_FPix_BmO_D1_PRT3,Disk1_RG2,CI-A 027,FP26,B16,SN133278/0006,B14,3.02E+13,B,0x7c,0x10,FPix -z down right 2,6,FPix -z down right 3,2,6,orange-2,3/4,5,t,1336,bottom,,10,1,2,D1-RG2-HV1,,1305,,,mfec 3 --> up center (upper mezzanine),,,,
FPix_BmO_D1_BLD10_PNL2_RNG2,8T,M-Q-1-49,4015,8,1Tb,1TC,3,PR149,portcard_FPix_BmO_D1_PRT3,PB-4,J12,3,dcdc_FPix_BmO_D1_PRT3,Disk1_RG2,CI-A 027,FP26,B16,SN133278/0006,B14,3.02E+13,B,0x7c,0x10,FPix -z down right 2,6,FPix -z down right 3,2,6,brown-4,7/8,5,t,1336,bottom,,10,1,2,D1-RG2-HV1,,1305,,,mfec 4 --> top (upper mezzanine),,,,
FPix_BmO_D1_BLD9_PNL2_RNG2,9T,M-Q-9-33,4020,7,1Tb,1TC,1,PR149,portcard_FPix_BmO_D1_PRT3,PB-4,J12,3,dcdc_FPix_BmO_D1_PRT3,Disk1_RG2,CI-A 027,FP26,B15,SN133278/0007,B14,3.02E+13,B,0x7c,0x10,FPix -z down right 3,1,FPix -z down right 3,2,7,brown-4,31/32,4,b,1335,bottom,,10,1,2,D1-RG2-HV1,,1304,,,mfecchannel 1 --> lower one (within mezzanine bottom and up center),,,,
FPix_BmO_D1_BLD8_PNL2_RNG2,10T,M-Q-6-22,4012,9,1Tc,1TB,7,PR126,portcard_FPix_BmO_D1_PRT2,PB-21,J12,3,dcdc_FPix_BmO_D1_PRT2,Disk1_RG3,CI-A 035,P87,C7,SN133278/0008,C10,3.02E+13,A,0x7e,0x10,FPix -z up right 6,1,FPix -z up right 6,4,8,orange-2,3/4,4,t,1335,bottom,,9,1,1,D1-RG3-HV1,,1304,,,mfecchannel 2 --> upper one (within mezzanine down center and top),,,,
FPix_BmO_D1_BLD7_PNL2_RNG2,11T,M-Q-7-44,4062,8,1Tc,1TB,5,PR126,portcard_FPix_BmO_D1_PRT2,PB-21,J12,3,dcdc_FPix_BmO_D1_PRT2,Disk1_RG3,CI-A 035,P87,C6,SN133278/0009,C10,3.02E+13,A,0x7e,0x10,FPix -z up right 5,6,FPix -z up right 6,4,9,orange-2,27/28,3,b,1334,bottom,,9,1,1,D1-RG3-HV1,,1303,,,,,,,
FPix_BmO_D1_BLD6_PNL2_RNG2,12T,M-O-1-04,4377,7,1Tc,1TB,3,PR126,portcard_FPix_BmO_D1_PRT2,PB-21,J12,3,dcdc_FPix_BmO_D1_PRT2,Disk1_RG3,CI-A 035,P87,D5,SN133278/0010,C10,3.02E+13,A,0x7e,0x10,FPix -z up right 5,5,FPix -z up right 6,4,10,orange-2,3/4,3,t,1334,bottom,,9,1,1,D1-RG3-HV1,,1303,,,"HV group: Disk(1-3) PCStack(a-d in phi) Group(1-4): 1 bottom PC inner, 2 bottom PC outer, 3 top PC inner, 4 top PC outer",,,,
FPix_BmO_D1_BLD5_PNL2_RNG2,13T,M-Q-2-26,4123W,6,1Tc,1TB,1,PR126,portcard_FPix_BmO_D1_PRT2,PB-21,J12,3,dcdc_FPix_BmO_D1_PRT2,Disk1_RG3,CI-A 035,P87,D4,SN122498/0032,C10,3.02E+13,A,0x7e,0x10,FPix -z up right 5,4,FPix -z up right 6,4,11,orange-2,27/28,2,b,1333,bottom,,9,1,1,D1-RG3-HV1,,1302,,,,,,,
FPix_BmO_D1_BLD4_PNL2_RNG2,14T,M-B-7-22,4010,1,1Td,1TA,7,PR156,portcard_FPix_BmO_D1_PRT1,PB-31,J12,3,dcdc_FPix_BmO_D1_PRT1,Disk1_RG4,CI-A 033,FP24,D4,SN122498/0032,C10,3.02E+13,B,0x7d,0x10,FPix -z up right 5,4,FPix -z up right 6,4,11,brown-4,31/32,2,b,1333,bottom,,9,1,2,D1-RG4-HV1,,1302,,,FED ID - 31 = old FEDID,,,,
FPix_BmO_D1_BLD3_PNL2_RNG2,15T,M-Q-A-08,4110W,8,1Td,1TA,5,PR156,portcard_FPix_BmO_D1_PRT1,PB-31,J12,3,dcdc_FPix_BmO_D1_PRT1,Disk1_RG4,CI-A 033,FP24,D3,SN122498/0033,C10,3.02E+13,B,0x7d,0x10,FPix -z up right 5,3,FPix -z up right 6,4,12,brown-4,7/8,2,t,1333,bottom,,9,1,2,D1-RG4-HV1,,1302,,,,,,,
FPix_BmO_D1_BLD2_PNL2_RNG2,16T,M-Q-3-41,4021,7,1Td,1TA,3,PR156,portcard_FPix_BmO_D1_PRT1,PB-31,J12,3,dcdc_FPix_BmO_D1_PRT1,Disk1_RG4,CI-A 033,FP24,D2,SN122498/0049,C10,3.02E+13,B,0x7d,0x10,FPix -z up right 5,2,FPix -z up right 6,4,13,brown-4,31/32,1,b,1332,bottom,,9,1,2,D1-RG4-HV1,,1301,,,,,,,
FPix_BmO_D1_BLD1_PNL2_RNG2,17T,M-Q-3-09,4013,6,1Td,1TA,1,PR156,portcard_FPix_BmO_D1_PRT1,PB-31,J12,3,dcdc_FPix_BmO_D1_PRT1,Disk1_RG4,CI-A 033,FP24,D1,SN122498/0055,C10,3.02E+13,B,0x7d,0x10,FPix -z up right 5,1,FPix -z up right 6,4,14,brown-4,7/8,1,t,1332,bottom,,9,1,2,D1-RG4-HV1,,1301,,,,,,,
FPix_BmO_D1_BLD17_PNL1_RNG2,1B,M-Y-P-NW,4381,5,1Ba,1BD,7,PR020,portcard_FPix_BmO_D1_PRT4,PB-16,J11,1,dcdc_FPix_BmO_D1_PRT4,Disk1_RG1,CI-A 036,FP25,A21,SN133278/0001,B14,3.02E+13,A,0x7b,0x10,FPix -z down right 2,1,FPix -z down right 3,2,1,blue-1,25/26,7,b,1338,bottom,,10,1,1,D1-RG1-HV1,,1307,,,,,,,
FPix_BmO_D1_BLD16_PNL1_RNG2,2B,M-P-2-32,4373,4,1Ba,1BD,5,PR020,portcard_FPix_BmO_D1_PRT4,PB-16,J11,1,dcdc_FPix_BmO_D1_PRT4,Disk1_RG1,CI-A 036,FP25,A20,SN133278/0002,B14,3.02E+13,A,0x7b,0x10,FPix -z down right 2,2,FPix -z down right 3,2,2,blue-1,1/2,7,t,1338,bottom,,10,1,1,D1-RG1-HV1,,1307,,,,,,,
FPix_BmO_D1_BLD15_PNL1_RNG2,3B,M-Q-2-35,4109W,3,1Ba,1BD,3,PR020,portcard_FPix_BmO_D1_PRT4,PB-16,J11,1,dcdc_FPix_BmO_D1_PRT4,Disk1_RG1,CI-A 036,FP25,A19,SN133278/0003,B14,3.02E+13,A,0x7b,0x10,FPix -z down right 2,3,FPix -z down right 3,2,3,blue-1,25/26,6,b,1337,bottom,,10,1,1,D1-RG1-HV1,,1306,,,,,,,
FPix_BmO_D1_BLD14_PNL1_RNG2,4B,M-N-3-25,4017,2,1Ba,1BD,1,PR020,portcard_FPix_BmO_D1_PRT4,PB-16,J11,1,dcdc_FPix_BmO_D1_PRT4,Disk1_RG1,CI-A 036,FP25,A18,SN133278/0004,B14,3.02E+13,A,0x7b,0x10,FPix -z down right 2,4,FPix -z down right 3,2,4,blue-1,1/2,6,t,1337,bottom,,10,1,1,D1-RG1-HV1,,1306,,,,,,,
FPix_BmO_D1_BLD13_PNL1_RNG2,5B,M-Q-1-14,4114W,6,1Bb,1BC,7,PR049,portcard_FPix_BmO_D1_PRT3,PB-4,J11,1,dcdc_FPix_BmO_D1_PRT3,Disk1_RG2,CI-A 027,PP6,A18,SN133278/0004,B14,3.02E+13,B,0x7c,0x10,FPix -z down right 2,4,FPix -z down right 3,2,4,green-3,5/6,6,t,1337,bottom,,10,1,2,D1-RG2-HV1,,1306,,,,,,,
FPix_BmO_D1_BLD12_PNL1_RNG2,6B,M-K-1-17,4372,5,1Bb,1BC,5,PR049,portcard_FPix_BmO_D1_PRT3,PB-4,J11,1,dcdc_FPix_BmO_D1_PRT3,Disk1_RG2,CI-A 027,PP6,A17,SN133278/0005,B14,3.02E+13,B,0x7c,0x10,FPix -z down right 2,5,FPix -z down right 3,2,5,green-3,29/30,5,b,1336,bottom,,10,1,2,D1-RG2-HV1,,1305,,,,,,,
FPix_BmO_D1_BLD11_PNL1_RNG2,7B,M-Q-3-23,4383,4,1Bb,1BC,4,PR049,portcard_FPix_BmO_D1_PRT3,PB-4,J11,2,dcdc_FPix_BmO_D1_PRT3,Disk1_RG2,CI-A 027,PP6,B16,SN133278/0006,B14,3.02E+13,B,0x7c,0x10,FPix -z down right 2,6,FPix -z down right 3,2,6,blue-1,1/2,5,t,1336,bottom,,10,1,2,D1-RG2-HV1,,1305,,,,,,,
FPix_BmO_D1_BLD10_PNL1_RNG2,8B,M-Q-3-33,4374,3,1Bb,1BC,3,PR049,portcard_FPix_BmO_D1_PRT3,PB-4,J11,1,dcdc_FPix_BmO_D1_PRT3,Disk1_RG2,CI-A 027,PP6,B16,SN133278/0006,B14,3.02E+13,B,0x7c,0x10,FPix -z down right 2,6,FPix -z down right 3,2,6,green-3,5/6,5,t,1336,bottom,,10,1,2,D1-RG2-HV1,,1305,,,,,,,
FPix_BmO_D1_BLD9_PNL1_RNG2,9B,M-Q-6-50,4111W,2,1Bb,1BC,1,PR049,portcard_FPix_BmO_D1_PRT3,PB-4,J11,1,dcdc_FPix_BmO_D1_PRT3,Disk1_RG2,CI-A 027,PP6,B15,SN133278/0007,B14,3.02E+13,B,0x7c,0x10,FPix -z down right 3,1,FPix -z down right 3,2,7,green-3,29/30,4,b,1335,bottom,,10,1,2,D1-RG2-HV1,,1304,,,,,,,
FPix_BmO_D1_BLD8_PNL1_RNG2,10B,M-Q-9-23,4108W,5,1Bc,1BB,7,PR007,portcard_FPix_BmO_D1_PRT2,PB-21,J11,1,dcdc_FPix_BmO_D1_PRT2,Disk1_RG3,CI-A 035,FP27,C7,SN133278/0008,C10,3.02E+13,A,0x7e,0x10,FPix -z up right 6,1,FPix -z up right 6,4,8,blue-1,1/2,4,t,1335,bottom,,9,1,1,D1-RG3-HV1,,1304,,,,,,,
FPix_BmO_D1_BLD7_PNL1_RNG2,11B,M-Q-1-01,4376,4,1Bc,1BB,5,PR007,portcard_FPix_BmO_D1_PRT2,PB-21,J11,1,dcdc_FPix_BmO_D1_PRT2,Disk1_RG3,CI-A 035,FP27,C6,SN133278/0009,C10,3.02E+13,A,0x7e,0x10,FPix -z up right 5,6,FPix -z up right 6,4,9,blue-1,25/26,3,b,1334,bottom,,9,1,1,D1-RG3-HV1,,1303,,,,,,,
FPix_BmO_D1_BLD6_PNL1_RNG2,12B,M-Q-1-06,4106W,3,1Bc,1BB,3,PR007,portcard_FPix_BmO_D1_PRT2,PB-21,J11,1,dcdc_FPix_BmO_D1_PRT2,Disk1_RG3,CI-A 035,FP27,D5,SN133278/0010,C10,3.02E+13,A,0x7e,0x10,FPix -z up right 5,5,FPix -z up right 6,4,10,blue-1,1/2,3,t,1334,bottom,,9,1,1,D1-RG3-HV1,,1303,,,,,,,
FPix_BmO_D1_BLD5_PNL1_RNG2,13B,M-Y-H-NV,4375,2,1Bc,1BB,1,PR007,portcard_FPix_BmO_D1_PRT2,PB-21,J11,1,dcdc_FPix_BmO_D1_PRT2,Disk1_RG3,CI-A 035,FP27,D4,SN122498/0032,C10,3.02E+13,A,0x7e,0x10,FPix -z up right 5,4,FPix -z up right 6,4,11,blue-1,25/26,2,b,1333,bottom,,9,1,1,D1-RG3-HV1,,1302,,,,,,,
FPix_BmO_D1_BLD4_PNL1_RNG2,14B,M-Q-6-23,4116W,5,1Bd,1BA,7,PR056,portcard_FPix_BmO_D1_PRT1,PB-31,J11,1,dcdc_FPix_BmO_D1_PRT1,Disk1_RG4,CI-A 033,PP8,D4,SN122498/0032,C10,3.02E+13,B,0x7d,0x10,FPix -z up right 5,4,FPix -z up right 6,4,11,green-3,29/30,2,b,1333,bottom,,9,1,2,D1-RG4-HV1,,1302,,,,,,,
FPix_BmO_D1_BLD3_PNL1_RNG2,15B,M-Q-2-04,4107W,4,1Bd,1BA,5,PR056,portcard_FPix_BmO_D1_PRT1,PB-31,J11,1,dcdc_FPix_BmO_D1_PRT1,Disk1_RG4,CI-A 033,PP8,D3,SN122498/0033,C10,3.02E+13,B,0x7d,0x10,FPix -z up right 5,3,FPix -z up right 6,4,12,green-3,5/6,2,t,1333,bottom,,9,1,2,D1-RG4-HV1,,1302,,,,,,,
FPix_BmO_D1_BLD2_PNL1_RNG2,16B,M-L-4-41,4115W,3,1Bd,1BA,3,PR056,portcard_FPix_BmO_D1_PRT1,PB-31,J11,1,dcdc_FPix_BmO_D1_PRT1,Disk1_RG4,CI-A 033,PP8,D2,SN122498/0049,C10,3.02E+13,B,0x7d,0x10,FPix -z up right 5,2,FPix -z up right 6,4,13,green-3,29/30,1,b,1332,bottom,,9,1,2,D1-RG4-HV1,,1301,,,,,,,
FPix_BmO_D1_BLD1_PNL1_RNG2,17B,M-Q-7-33,4378,2,1Bd,1BA,1,PR056,portcard_FPix_BmO_D1_PRT1,PB-31,J11,1,dcdc_FPix_BmO_D1_PRT1,Disk1_RG4,CI-A 033,PP8,D1,SN122498/0055,C10,3.02E+13,B,0x7d,0x10,FPix -z up right 5,1,FPix -z up right 6,4,14,green-3,5/6,1,t,1332,bottom,,9,1,2,D1-RG4-HV1,,1301,,,,,,,
,,,,,,,,,,,,,,,,,,,,,,,,,,,,,,,,,,,,,,,,,,,,,,,,
FPix_BmO_D2_BLD11_PNL2_RNG1,1T,M-M-3-20,7011,15,2Ta,2TD,6,PR155,portcard_FPix_BmO_D2_PRT4,PB-18,J12,4,dcdc_FPix_BmO_D2_PRT4,Disk2_RG1,CI-A 024,P54,A21,SN133278/0001,B13,3.02E+13,A,0x7b,0x11,FPix -z down right 2,1,FPix -z down right 3,3,1,black-8,39/40,7,b,1338,bottom,,10,2,1,D2-RG1-HV2,,1307,BmO,,,,,,
FPix_BmO_D2_BLD10_PNL2_RNG1,2T,M-L-2-50,7001,14,2Ta,2TD,4,PR155,portcard_FPix_BmO_D2_PRT4,PB-18,J12,4,dcdc_FPix_BmO_D2_PRT4,Disk2_RG1,CI-A 024,P54,A20,SN133278/0002,B13,3.02E+13,A,0x7b,0x11,FPix -z down right 2,2,FPix -z down right 3,3,2,black-8,15/16,7,t,1338,bottom,,10,2,1,D2-RG1-HV2,,1307,,,,,,,
FPix_BmO_D2_BLD9_PNL2_RNG1,3T,M-Y-J-NJ,7003,0,2Ta,2TD,2,PR155,portcard_FPix_BmO_D2_PRT4,PB-18,J12,4,dcdc_FPix_BmO_D2_PRT4,Disk2_RG1,CI-A 024,P54,A19,SN133278/0003,B13,3.02E+13,A,0x7b,0x11,FPix -z down right 2,3,FPix -z down right 3,3,3,black-8,39/40,6,b,1337,bottom,,10,2,1,D2-RG1-HV2,,1306,,,,,,,
FPix_BmO_D2_BLD8_PNL2_RNG1,4T,M-Y-I-NB,7004,15,2Tb,2TC,6,PR122,portcard_FPix_BmO_D2_PRT3,PB-5,J12,4,dcdc_FPix_BmO_D2_PRT3,Disk2_RG2,CI-A 020,P113,A17,SN133278/0005,B13,3.02E+13,B,0x7c,0x11,FPix -z down right 2,5,FPix -z down right 3,3,5,white-6,35/36,5,b,1336,bottom,,10,2,2,D2-RG2-HV2,,1305,,,,,,,
FPix_BmO_D2_BLD7_PNL2_RNG1,5T,M-Y-M-NC,7015,14,2Tb,2TC,2,PR122,portcard_FPix_BmO_D2_PRT3,PB-5,J12,4,dcdc_FPix_BmO_D2_PRT3,Disk2_RG2,CI-A 020,P113,B15,SN133278/0007,B13,3.02E+13,B,0x7c,0x11,FPix -z down right 3,1,FPix -z down right 3,3,7,white-6,35/36,4,b,1335,bottom,,10,2,2,D2-RG2-HV2,,1304,,,,,,,
FPix_BmO_D2_BLD6_PNL2_RNG1,6T,M-Y-K-NJ,7014,15,2Tc,2TB,6,PR150,portcard_FPix_BmO_D2_PRT2,PB-39,J12,4,dcdc_FPix_BmO_D2_PRT2,Disk2_RG3,CI-A 057,P52,C7,SN133278/0008,C9,3.02E+13,A,0x7e,0x11,FPix -z up right 6,1,FPix -z up right 6,3,8,black-8,15/16,4,t,1335,bottom,,9,2,1,D2-RG3-HV2,,1304,,,,,,,
FPix_BmO_D2_BLD5_PNL2_RNG1,7T,M-M-1-50,7018,14,2Tc,2TB,4,PR150,portcard_FPix_BmO_D2_PRT2,PB-39,J12,4,dcdc_FPix_BmO_D2_PRT2,Disk2_RG3,CI-A 057,P52,C6,SN133278/0009,C9,3.02E+13,A,0x7e,0x11,FPix -z up right 5,6,FPix -z up right 6,3,9,black-8,39/40,3,b,1334,bottom,,9,2,1,D2-RG3-HV2,,1303,,,,,,,
FPix_BmO_D2_BLD4_PNL2_RNG1,8T,M-N-3-03,7009,13,2Tc,2TB,2,PR150,portcard_FPix_BmO_D2_PRT2,PB-39,J12,4,dcdc_FPix_BmO_D2_PRT2,Disk2_RG3,CI-A 057,P52,D5,SN133278/0010,C9,3.02E+13,A,0x7e,0x11,FPix -z up right 5,5,FPix -z up right 6,3,10,black-8,15/16,3,t,1334,bottom,,9,2,1,D2-RG3-HV2,,1303,,,,,,,
FPix_BmO_D2_BLD3_PNL2_RNG1,9T,M-Y-Q-NC,6018,15,2Td,2TA,6,PR158,portcard_FPix_BmO_D2_PRT1,PB-28,J12,4,dcdc_FPix_BmO_D2_PRT1,Disk2_RG4,CI-A 002,P112,D3,SN122498/0033,C9,3.02E+13,B,0x7d,0x11,FPix -z up right 5,3,FPix -z up right 6,3,12,white-6,11/12,2,t,1333,bottom,,9,2,2,D2-RG4-HV2,,1302,,,,,,,
FPix_BmO_D2_BLD2_PNL2_RNG1,10T,M-M-1-04,6006,14,2Td,2TA,4,PR158,portcard_FPix_BmO_D2_PRT1,PB-28,J12,4,dcdc_FPix_BmO_D2_PRT1,Disk2_RG4,CI-A 002,P112,D2,SN122498/0049,C9,3.02E+13,B,0x7d,0x11,FPix -z up right 5,2,FPix -z up right 6,3,13,white-6,35/36,1,b,1332,bottom,,9,2,2,D2-RG4-HV2,,1301,,,,,,,
FPix_BmO_D2_BLD1_PNL2_RNG1,11T,M-Y-G-NU,7023,13,2Td,2TA,2,PR158,portcard_FPix_BmO_D2_PRT1,PB-28,J12,4,dcdc_FPix_BmO_D2_PRT1,Disk2_RG4,CI-A 002,P112,D1,SN122498/0055,C9,3.02E+13,B,0x7d,0x11,FPix -z up right 5,1,FPix -z up right 6,3,14,white-6,11/12,1,t,1332,bottom,,9,2,2,D2-RG4-HV2,,1301,,,,,,,
FPix_BmO_D2_BLD11_PNL1_RNG1,1B,M-N-3-14,7002,12,2Ba,2BD,6,PR055,portcard_FPix_BmO_D2_PRT4,PB-18,J11,2,dcdc_FPix_BmO_D2_PRT4,Disk2_RG1,CI-A 024,P53,A21,SN133278/0001,B13,3.02E+13,A,0x7b,0x11,FPix -z down right 2,1,FPix -z down right 3,3,1,red-7,37/38,7,b,1338,bottom,,10,2,1,D2-RG1-HV2,,1307,,,,,,,
FPix_BmO_D2_BLD10_PNL1_RNG1,2B,M-Y-A-NR,7042,11,2Ba,2BD,4,PR055,portcard_FPix_BmO_D2_PRT4,PB-18,J11,2,dcdc_FPix_BmO_D2_PRT4,Disk2_RG1,CI-A 024,P53,A20,SN133278/0002,B13,3.02E+13,A,0x7b,0x11,FPix -z down right 2,2,FPix -z down right 3,3,2,red-7,13/14,7,t,1338,bottom,,10,2,1,D2-RG1-HV2,,1307,,,,,,,
FPix_BmO_D2_BLD9_PNL1_RNG1,3B,M-N-3-33,7008,10,2Ba,2BD,2,PR055,portcard_FPix_BmO_D2_PRT4,PB-18,J11,2,dcdc_FPix_BmO_D2_PRT4,Disk2_RG1,CI-A 024,P53,A19,SN133278/0003,B13,3.02E+13,A,0x7b,0x11,FPix -z down right 2,3,FPix -z down right 3,3,3,red-7,37/38,6,b,1337,bottom,,10,2,1,D2-RG1-HV2,,1306,,,,,,,
FPix_BmO_D2_BLD8_PNL1_RNG1,4B,M-I-2-25,7016,13,2Bb,2BC,6,PR062,portcard_FPix_BmO_D2_PRT3,PB-5,J11,2,dcdc_FPix_BmO_D2_PRT3,Disk2_RG2,CI-A 020,P89,A17,SN133278/0005,B13,3.02E+13,B,0x7c,0x11,FPix -z down right 2,5,FPix -z down right 3,3,5,gray-5,33/34,5,b,1336,bottom,,10,2,2,D2-RG2-HV2,,1305,,,,,,,
FPix_BmO_D2_BLD7_PNL1_RNG1,5B,M-I-4-04,7012,12,2Bb,2BC,2,PR062,portcard_FPix_BmO_D2_PRT3,PB-5,J11,2,dcdc_FPix_BmO_D2_PRT3,Disk2_RG2,CI-A 020,P89,B15,SN133278/0007,B13,3.02E+13,B,0x7c,0x11,FPix -z down right 3,1,FPix -z down right 3,3,7,gray-5,33/34,4,b,1335,bottom,,10,2,2,D2-RG2-HV2,,1304,,,,,,,
FPix_BmO_D2_BLD6_PNL1_RNG1,6B,M-O-1-11,7013,12,2Bc,2BB,6,PR050,portcard_FPix_BmO_D2_PRT2,PB-39,J11,2,dcdc_FPix_BmO_D2_PRT2,Disk2_RG3,CI-A 057,P73,C7,SN133278/0008,C9,3.02E+13,A,0x7e,0x11,FPix -z up right 6,1,FPix -z up right 6,3,8,red-7,13/14,4,t,1335,bottom,,9,2,1,D2-RG3-HV2,,1304,,,,,,,
FPix_BmO_D2_BLD5_PNL1_RNG1,7B,M-N-1-26,7024,11,2Bc,2BB,4,PR050,portcard_FPix_BmO_D2_PRT2,PB-39,J11,2,dcdc_FPix_BmO_D2_PRT2,Disk2_RG3,CI-A 057,P73,C6,SN133278/0009,C9,3.02E+13,A,0x7e,0x11,FPix -z up right 5,6,FPix -z up right 6,3,9,red-7,37/38,3,b,1334,bottom,,9,2,1,D2-RG3-HV2,,1303,,,,,,,
FPix_BmO_D2_BLD4_PNL1_RNG1,8B,M-Y-F-NC,7010,10,2Bc,2BB,2,PR050,portcard_FPix_BmO_D2_PRT2,PB-39,J11,2,dcdc_FPix_BmO_D2_PRT2,Disk2_RG3,CI-A 057,P73,D5,SN133278/0010,C9,3.02E+13,A,0x7e,0x11,FPix -z up right 5,5,FPix -z up right 6,3,10,red-7,13/14,3,t,1334,bottom,,9,2,1,D2-RG3-HV2,,1303,,,,,,,
FPix_BmO_D2_BLD3_PNL1_RNG1,9B,M-O-1-23,7037,12,2Bd,2BA,6,PR058,portcard_FPix_BmO_D2_PRT1,PB-28,J11,2,dcdc_FPix_BmO_D2_PRT1,Disk2_RG4,CI-A 002,P51,D3,SN122498/0033,C9,3.02E+13,B,0x7d,0x11,FPix -z up right 5,3,FPix -z up right 6,3,12,gray-5,9/10,2,t,1333,bottom,,9,2,2,D2-RG4-HV2,,1302,,,,,,,
FPix_BmO_D2_BLD2_PNL1_RNG1,10B,M-Y-T-NL,7021,11,2Bd,2BA,4,PR058,portcard_FPix_BmO_D2_PRT1,PB-28,J11,2,dcdc_FPix_BmO_D2_PRT1,Disk2_RG4,CI-A 002,P51,D2,SN122498/0049,C9,3.02E+13,B,0x7d,0x11,FPix -z up right 5,2,FPix -z up right 6,3,13,gray-5,33/34,1,b,1332,bottom,,9,2,2,D2-RG4-HV2,,1301,,,,,,,
FPix_BmO_D2_BLD1_PNL1_RNG1,11B,M-Y-M-NR,7095,10,2Bd,2BA,2,PR058,portcard_FPix_BmO_D2_PRT1,PB-28,J11,2,dcdc_FPix_BmO_D2_PRT1,Disk2_RG4,CI-A 002,P51,D1,SN122498/0055,C9,3.02E+13,B,0x7d,0x11,FPix -z up right 5,1,FPix -z up right 6,3,14,gray-5,9/10,1,t,1332,bottom,,9,2,2,D2-RG4-HV2,,1301,,,,,,,
FPix_BmO_D2_BLD17_PNL2_RNG2,1T,M-Q-2-18,6134,9,2Ta,2TD,7,PR155,portcard_FPix_BmO_D2_PRT4,PB-18,J12,3,dcdc_FPix_BmO_D2_PRT4,Disk2_RG1,CI-A 024,P54,A21,SN133278/0001,B13,3.02E+13,A,0x7b,0x11,FPix -z down right 2,1,FPix -z down right 3,3,1,white-6,35/36,7,b,1338,bottom,,10,2,1,D2-RG1-HV1,,1307,BmO,,,,,,
FPix_BmO_D2_BLD16_PNL2_RNG2,2T,M-O-2-44,6140,8,2Ta,2TD,5,PR155,portcard_FPix_BmO_D2_PRT4,PB-18,J12,3,dcdc_FPix_BmO_D2_PRT4,Disk2_RG1,CI-A 024,P54,A20,SN133278/0002,B13,3.02E+13,A,0x7b,0x11,FPix -z down right 2,2,FPix -z down right 3,3,2,white-6,11/12,7,t,1338,bottom,,10,2,1,D2-RG1-HV1,,1307,,,,,,,
FPix_BmO_D2_BLD15_PNL2_RNG2,3T,M-Q-A-17,6127,7,2Ta,2TD,3,PR155,portcard_FPix_BmO_D2_PRT4,PB-18,J12,3,dcdc_FPix_BmO_D2_PRT4,Disk2_RG1,CI-A 024,P54,A19,SN133278/0003,B13,3.02E+13,A,0x7b,0x11,FPix -z down right 2,3,FPix -z down right 3,3,3,white-6,35/36,6,b,1337,bottom,,10,2,1,D2-RG1-HV1,,1306,,,,,,,
FPix_BmO_D2_BLD14_PNL2_RNG2,4T,M-Q-2-21,6162,6,2Ta,2TD,1,PR155,portcard_FPix_BmO_D2_PRT4,PB-18,J12,3,dcdc_FPix_BmO_D2_PRT4,Disk2_RG1,CI-A 024,P54,A18,SN133278/0004,B13,3.02E+13,A,0x7b,0x11,FPix -z down right 2,4,FPix -z down right 3,3,4,white-6,11/12,6,t,1337,bottom,,10,2,1,D2-RG1-HV1,,1306,,,,,,,
FPix_BmO_D2_BLD13_PNL2_RNG2,5T,M-Q-1-29,6136,11,2Tb,2TC,7,PR122,portcard_FPix_BmO_D2_PRT3,PB-5,J12,3,dcdc_FPix_BmO_D2_PRT3,Disk2_RG2,CI-A 020,P113,A18,SN133278/0004,B13,3.02E+13,B,0x7c,0x11,FPix -z down right 2,4,FPix -z down right 3,3,4,black-8,15/16,6,t,1337,bottom,,10,2,2,D2-RG2-HV1,,1306,,,,,,,
FPix_BmO_D2_BLD12_PNL2_RNG2,6T,M-Q-1-20,6143,10,2Tb,2TC,5,PR122,portcard_FPix_BmO_D2_PRT3,PB-5,J12,3,dcdc_FPix_BmO_D2_PRT3,Disk2_RG2,CI-A 020,P113,A17,SN133278/0005,B13,3.02E+13,B,0x7c,0x11,FPix -z down right 2,5,FPix -z down right 3,3,5,black-8,39/40,5,b,1336,bottom,,10,2,2,D2-RG2-HV1,,1305,,,,,,,
FPix_BmO_D2_BLD11_PNL2_RNG2,7T,M-Q-2-14,6129,9,2Tb,2TC,4,PR122,portcard_FPix_BmO_D2_PRT3,PB-5,J12,4,dcdc_FPix_BmO_D2_PRT3,Disk2_RG2,CI-A 020,P113,B16,SN133278/0006,B13,3.02E+13,B,0x7c,0x11,FPix -z down right 2,6,FPix -z down right 3,3,6,white-6,11/12,5,t,1336,bottom,,10,2,2,D2-RG2-HV1,,1305,,,,,,,
FPix_BmO_D2_BLD10_PNL2_RNG2,8T,M-Y-N-NZ,6060,8,2Tb,2TC,3,PR122,portcard_FPix_BmO_D2_PRT3,PB-5,J12,3,dcdc_FPix_BmO_D2_PRT3,Disk2_RG2,CI-A 020,P113,B16,SN133278/0006,B13,3.02E+13,B,0x7c,0x11,FPix -z down right 2,6,FPix -z down right 3,3,6,black-8,15/16,5,t,1336,bottom,,10,2,2,D2-RG2-HV1,,1305,,,,,,,
FPix_BmO_D2_BLD9_PNL2_RNG2,9T,M-Q-5-04,6221,7,2Tb,2TC,1,PR122,portcard_FPix_BmO_D2_PRT3,PB-5,J12,3,dcdc_FPix_BmO_D2_PRT3,Disk2_RG2,CI-A 020,P113,B15,SN133278/0007,B13,3.02E+13,B,0x7c,0x11,FPix -z down right 3,1,FPix -z down right 3,3,7,black-8,39/40,4,b,1335,bottom,,10,2,2,D2-RG2-HV1,,1304,,,,,,,
FPix_BmO_D2_BLD8_PNL2_RNG2,10T,M-Q-3-08,6168,9,2Tc,2TB,7,PR150,portcard_FPix_BmO_D2_PRT2,PB-39,J12,3,dcdc_FPix_BmO_D2_PRT2,Disk2_RG3,CI-A 057,P52,C7,SN133278/0008,C9,3.02E+13,A,0x7e,0x11,FPix -z up right 6,1,FPix -z up right 6,3,8,white-6,11/12,4,t,1335,bottom,,9,2,1,D2-RG3-HV1,,1304,,,,,,,
FPix_BmO_D2_BLD7_PNL2_RNG2,11T,M-Q-A-10,6180,8,2Tc,2TB,5,PR150,portcard_FPix_BmO_D2_PRT2,PB-39,J12,3,dcdc_FPix_BmO_D2_PRT2,Disk2_RG3,CI-A 057,P52,C6,SN133278/0009,C9,3.02E+13,A,0x7e,0x11,FPix -z up right 5,6,FPix -z up right 6,3,9,white-6,35/36,3,b,1334,bottom,,9,2,1,D2-RG3-HV1,,1303,,,,,,,
FPix_BmO_D2_BLD6_PNL2_RNG2,12T,M-Q-8-07,6178,7,2Tc,2TB,3,PR150,portcard_FPix_BmO_D2_PRT2,PB-39,J12,3,dcdc_FPix_BmO_D2_PRT2,Disk2_RG3,CI-A 057,P52,D5,SN133278/0010,C9,3.02E+13,A,0x7e,0x11,FPix -z up right 5,5,FPix -z up right 6,3,10,white-6,11/12,3,t,1334,bottom,,9,2,1,D2-RG3-HV1,,1303,,,,,,,
FPix_BmO_D2_BLD5_PNL2_RNG2,13T,M-Q-5-20,6185,6,2Tc,2TB,1,PR150,portcard_FPix_BmO_D2_PRT2,PB-39,J12,3,dcdc_FPix_BmO_D2_PRT2,Disk2_RG3,CI-A 057,P52,D4,SN122498/0032,C9,3.02E+13,A,0x7e,0x11,FPix -z up right 5,4,FPix -z up right 6,3,11,white-6,35/36,2,b,1333,bottom,,9,2,1,D2-RG3-HV1,,1302,,,,,,,
FPix_BmO_D2_BLD4_PNL2_RNG2,14T,M-Q-4-41,6187,9,2Td,2TA,7,PR158,portcard_FPix_BmO_D2_PRT1,PB-28,J12,3,dcdc_FPix_BmO_D2_PRT1,Disk2_RG4,CI-A 002,P112,D4,SN122498/0032,C9,3.02E+13,B,0x7d,0x11,FPix -z up right 5,4,FPix -z up right 6,3,11,black-8,39/40,2,b,1333,bottom,,9,2,2,D2-RG4-HV1,,1302,,,,,,,
FPix_BmO_D2_BLD3_PNL2_RNG2,15T,M-Q-1-32,6197,8,2Td,2TA,5,PR158,portcard_FPix_BmO_D2_PRT1,PB-28,J12,3,dcdc_FPix_BmO_D2_PRT1,Disk2_RG4,CI-A 002,P112,D3,SN122498/0033,C9,3.02E+13,B,0x7d,0x11,FPix -z up right 5,3,FPix -z up right 6,3,12,black-8,15/16,2,t,1333,bottom,,9,2,2,D2-RG4-HV1,,1302,,,,,,,
FPix_BmO_D2_BLD2_PNL2_RNG2,16T,M-Q-5-36,6194,7,2Td,2TA,3,PR158,portcard_FPix_BmO_D2_PRT1,PB-28,J12,3,dcdc_FPix_BmO_D2_PRT1,Disk2_RG4,CI-A 002,P112,D2,SN122498/0049,C9,3.02E+13,B,0x7d,0x11,FPix -z up right 5,2,FPix -z up right 6,3,13,black-8,39/40,1,b,1332,bottom,,9,2,2,D2-RG4-HV1,,1301,,,,,,,
FPix_BmO_D2_BLD1_PNL2_RNG2,17T,M-Q-7-10,6190,6,2Td,2TA,1,PR158,portcard_FPix_BmO_D2_PRT1,PB-28,J12,3,dcdc_FPix_BmO_D2_PRT1,Disk2_RG4,CI-A 002,P112,D1,SN122498/0055,C9,3.02E+13,B,0x7d,0x11,FPix -z up right 5,1,FPix -z up right 6,3,14,black-8,15/16,1,t,1332,bottom,,9,2,2,D2-RG4-HV1,,1301,,,,,,,
FPix_BmO_D2_BLD17_PNL1_RNG2,1B,M-Q-2-38,6147,5,2Ba,2BD,7,PR055,portcard_FPix_BmO_D2_PRT4,PB-18,J11,1,dcdc_FPix_BmO_D2_PRT4,Disk2_RG1,CI-A 024,P53,A21,SN133278/0001,B13,3.02E+13,A,0x7b,0x11,FPix -z down right 2,1,FPix -z down right 3,3,1,gray-5,33/34,7,b,1338,bottom,,10,2,1,D2-RG1-HV1,,1307,,,,,,,
FPix_BmO_D2_BLD16_PNL1_RNG2,2B,M-Q-9-14,6142,4,2Ba,2BD,5,PR055,portcard_FPix_BmO_D2_PRT4,PB-18,J11,1,dcdc_FPix_BmO_D2_PRT4,Disk2_RG1,CI-A 024,P53,A20,SN133278/0002,B13,3.02E+13,A,0x7b,0x11,FPix -z down right 2,2,FPix -z down right 3,3,2,gray-5,9/10,7,t,1338,bottom,,10,2,1,D2-RG1-HV1,,1307,,,,,,,
FPix_BmO_D2_BLD15_PNL1_RNG2,3B,M-Q-5-18,6137,3,2Ba,2BD,3,PR055,portcard_FPix_BmO_D2_PRT4,PB-18,J11,1,dcdc_FPix_BmO_D2_PRT4,Disk2_RG1,CI-A 024,P53,A19,SN133278/0003,B13,3.02E+13,A,0x7b,0x11,FPix -z down right 2,3,FPix -z down right 3,3,3,gray-5,33/34,6,b,1337,bottom,,10,2,1,D2-RG1-HV1,,1306,,,,,,,
FPix_BmO_D2_BLD14_PNL1_RNG2,4B,M-Q-7-02,6150,2,2Ba,2BD,1,PR055,portcard_FPix_BmO_D2_PRT4,PB-18,J11,1,dcdc_FPix_BmO_D2_PRT4,Disk2_RG1,CI-A 024,P53,A18,SN133278/0004,B13,3.02E+13,A,0x7b,0x11,FPix -z down right 2,4,FPix -z down right 3,3,4,gray-5,9/10,6,t,1337,bottom,,10,2,1,D2-RG1-HV1,,1306,,,,,,,
FPix_BmO_D2_BLD13_PNL1_RNG2,5B,M-Q-2-42,6182,6,2Bb,2BC,7,PR062,portcard_FPix_BmO_D2_PRT3,PB-5,J11,1,dcdc_FPix_BmO_D2_PRT3,Disk2_RG2,CI-A 020,P89,A18,SN133278/0004,B13,3.02E+13,B,0x7c,0x11,FPix -z down right 2,4,FPix -z down right 3,3,4,red-7,13/14,6,t,1337,bottom,,10,2,2,D2-RG2-HV1,,1306,,,,,,,
FPix_BmO_D2_BLD12_PNL1_RNG2,6B,M-Q-2-46,6225,5,2Bb,2BC,5,PR062,portcard_FPix_BmO_D2_PRT3,PB-5,J11,1,dcdc_FPix_BmO_D2_PRT3,Disk2_RG2,CI-A 020,P89,A17,SN133278/0005,B13,3.02E+13,B,0x7c,0x11,FPix -z down right 2,5,FPix -z down right 3,3,5,red-7,37/38,5,b,1336,bottom,,10,2,2,D2-RG2-HV1,,1305,,,,,,,
FPix_BmO_D2_BLD11_PNL1_RNG2,7B,M-Q-7-46,6206,4,2Bb,2BC,4,PR062,portcard_FPix_BmO_D2_PRT3,PB-5,J11,2,dcdc_FPix_BmO_D2_PRT3,Disk2_RG2,CI-A 020,P89,B16,SN133278/0006,B13,3.02E+13,B,0x7c,0x11,FPix -z down right 2,6,FPix -z down right 3,3,6,gray-5,9/10,5,t,1336,bottom,,10,2,2,D2-RG2-HV1,,1305,,,,,,,
FPix_BmO_D2_BLD10_PNL1_RNG2,8B,M-Q-8-05,6205,3,2Bb,2BC,3,PR062,portcard_FPix_BmO_D2_PRT3,PB-5,J11,1,dcdc_FPix_BmO_D2_PRT3,Disk2_RG2,CI-A 020,P89,B16,SN133278/0006,B13,3.02E+13,B,0x7c,0x11,FPix -z down right 2,6,FPix -z down right 3,3,6,red-7,13/14,5,t,1336,bottom,,10,2,2,D2-RG2-HV1,,1305,,,,,,,
FPix_BmO_D2_BLD9_PNL1_RNG2,9B,M-Q-2-34,6213,2,2Bb,2BC,1,PR062,portcard_FPix_BmO_D2_PRT3,PB-5,J11,1,dcdc_FPix_BmO_D2_PRT3,Disk2_RG2,CI-A 020,P89,B15,SN133278/0007,B13,3.02E+13,B,0x7c,0x11,FPix -z down right 3,1,FPix -z down right 3,3,7,red-7,37/38,4,b,1335,bottom,,10,2,2,D2-RG2-HV1,,1304,,,,,,,
FPix_BmO_D2_BLD8_PNL1_RNG2,10B,M-Q-1-12,6204,5,2Bc,2BB,7,PR050,portcard_FPix_BmO_D2_PRT2,PB-39,J11,1,dcdc_FPix_BmO_D2_PRT2,Disk2_RG3,CI-A 057,P73,C7,SN133278/0008,C9,3.02E+13,A,0x7e,0x11,FPix -z up right 6,1,FPix -z up right 6,3,8,gray-5,9/10,4,t,1335,bottom,,9,2,1,D2-RG3-HV1,,1304,,,,,,,
FPix_BmO_D2_BLD7_PNL1_RNG2,11B,M-Q-3-06,6216,4,2Bc,2BB,5,PR050,portcard_FPix_BmO_D2_PRT2,PB-39,J11,1,dcdc_FPix_BmO_D2_PRT2,Disk2_RG3,CI-A 057,P73,C6,SN133278/0009,C9,3.02E+13,A,0x7e,0x11,FPix -z up right 5,6,FPix -z up right 6,3,9,gray-5,33/34,3,b,1334,bottom,,9,2,1,D2-RG3-HV1,,1303,,,,,,,
FPix_BmO_D2_BLD6_PNL1_RNG2,12B,M-Q-5-11,6212,3,2Bc,2BB,3,PR050,portcard_FPix_BmO_D2_PRT2,PB-39,J11,1,dcdc_FPix_BmO_D2_PRT2,Disk2_RG3,CI-A 057,P73,D5,SN133278/0010,C9,3.02E+13,A,0x7e,0x11,FPix -z up right 5,5,FPix -z up right 6,3,10,gray-5,9/10,3,t,1334,bottom,,9,2,1,D2-RG3-HV1,,1303,,,,,,,
FPix_BmO_D2_BLD5_PNL1_RNG2,13B,M-Q-8-39,6217,2,2Bc,2BB,1,PR050,portcard_FPix_BmO_D2_PRT2,PB-39,J11,1,dcdc_FPix_BmO_D2_PRT2,Disk2_RG3,CI-A 057,P73,D4,SN122498/0032,C9,3.02E+13,A,0x7e,0x11,FPix -z up right 5,4,FPix -z up right 6,3,11,gray-5,33/34,2,b,1333,bottom,,9,2,1,D2-RG3-HV1,,1302,,,,,,,
FPix_BmO_D2_BLD4_PNL1_RNG2,14B,M-Q-1-03,6053,5,2Bd,2BA,7,PR058,portcard_FPix_BmO_D2_PRT1,PB-28,J11,1,dcdc_FPix_BmO_D2_PRT1,Disk2_RG4,CI-A 002,P51,D4,SN122498/0032,C9,3.02E+13,B,0x7d,0x11,FPix -z up right 5,4,FPix -z up right 6,3,11,red-7,37/38,2,b,1333,bottom,,9,2,2,D2-RG4-HV1,,1302,,,,,,,
FPix_BmO_D2_BLD3_PNL1_RNG2,15B,M-Q-6-48,6081,4,2Bd,2BA,5,PR058,portcard_FPix_BmO_D2_PRT1,PB-28,J11,1,dcdc_FPix_BmO_D2_PRT1,Disk2_RG4,CI-A 002,P51,D3,SN122498/0033,C9,3.02E+13,B,0x7d,0x11,FPix -z up right 5,3,FPix -z up right 6,3,12,red-7,13/14,2,t,1333,bottom,,9,2,2,D2-RG4-HV1,,1302,,,,,,,
FPix_BmO_D2_BLD2_PNL1_RNG2,16B,M-Q-9-39,6069,3,2Bd,2BA,3,PR058,portcard_FPix_BmO_D2_PRT1,PB-28,J11,1,dcdc_FPix_BmO_D2_PRT1,Disk2_RG4,CI-A 002,P51,D2,SN122498/0049,C9,3.02E+13,B,0x7d,0x11,FPix -z up right 5,2,FPix -z up right 6,3,13,red-7,37/38,1,b,1332,bottom,,9,2,2,D2-RG4-HV1,,1301,,,,,,,
FPix_BmO_D2_BLD1_PNL1_RNG2,17B,M-Q-9-13,6113,2,2Bd,2BA,1,PR058,portcard_FPix_BmO_D2_PRT1,PB-28,J11,1,dcdc_FPix_BmO_D2_PRT1,Disk2_RG4,CI-A 002,P51,D1,SN122498/0055,C9,3.02E+13,B,0x7d,0x11,FPix -z up right 5,1,FPix -z up right 6,3,14,red-7,13/14,1,t,1332,bottom,,9,2,2,D2-RG4-HV1,,1301,,,,,,,
,,,,,,,,,,,,,,,,,,,,,,,,,,,,,,,,,,,,,,,,,,,,,,,,
FPix_BmO_D3_BLD11_PNL2_RNG1,1T,M-Q-4-27,6063,15,3Ta,3TD,6,PR154,portcard_FPix_BmO_D3_PRT4,PB-24,J12,4,dcdc_FPix_BmO_D3_PRT4,Disk3_RG1,CI-A 031,FP15,A21,SN133278/0001,B12,3.02E+13,A,0x7b,0x12,FPix -z down right 2,1,FPix -z down right 3,4,1,turquoise-12,47/48,7,b,1338,bottom,,9,4,1,D3-RG1-HV2,-300V,1307,BmO,,,,,,
FPix_BmO_D3_BLD10_PNL2_RNG1,2T,M-Q-6-36,4118B,14,3Ta,3TD,4,PR154,portcard_FPix_BmO_D3_PRT4,PB-24,J12,4,dcdc_FPix_BmO_D3_PRT4,Disk3_RG1,CI-A 031,FP15,A20,SN133278/0002,B12,3.02E+13,A,0x7b,0x12,FPix -z down right 2,2,FPix -z down right 3,4,2,turquoise-12,23/24,7,t,1338,bottom,,9,4,1,D3-RG1-HV2,-300V,1307,,,,,,,
FPix_BmO_D3_BLD9_PNL2_RNG1,3T,M-Q-9-20,4116B,13,3Ta,3TD,2,PR154,portcard_FPix_BmO_D3_PRT4,PB-24,J12,4,dcdc_FPix_BmO_D3_PRT4,Disk3_RG1,CI-A 031,FP15,A19,SN133278/0003,B12,3.02E+13,A,0x7b,0x12,FPix -z down right 2,3,FPix -z down right 3,4,3,turquoise-12,47/48,6,b,1337,bottom,,9,4,1,D3-RG1-HV2,-300V,1306,,,,,,,
FPix_BmO_D3_BLD8_PNL2_RNG1,4T,M-Q-A-15,4103W,15,3Tb,3TC,6,PR160,portcard_FPix_BmO_D3_PRT3,PB-13,J12,4,dcdc_FPix_BmO_D3_PRT3,Disk3_RG2,CI-A 051,FP13,A17,SN133278/0005,B12,3.02E+13,B,0x7c,0x12,FPix -z down right 2,5,FPix -z down right 3,4,5,violet-10,43/44,5,b,1336,bottom,,9,4,2,D3-RG2-HV2,,1305,,,,,,,
FPix_BmO_D3_BLD7_PNL2_RNG1,5T,M-Q-9-26,4104B,14,3Tb,3TC,2,PR160,portcard_FPix_BmO_D3_PRT3,PB-13,J12,4,dcdc_FPix_BmO_D3_PRT3,Disk3_RG2,CI-A 051,FP13,B15,SN133278/0007,B12,3.02E+13,B,0x7c,0x12,FPix -z down right 3,1,FPix -z down right 3,4,7,violet-10,43/44,4,b,1335,bottom,,9,4,2,D3-RG2-HV2,,1304,,,,,,,
FPix_BmO_D3_BLD6_PNL2_RNG1,6T,M-P-1-31,4069,15,3Tc,3TB,6,PR161,portcard_FPix_BmO_D3_PRT2,PB-49,J12,4,dcdc_FPix_BmO_D3_PRT2,Disk3_RG3,CI-A 025,P66,C7,SN133278/0008,C8,3.02E+13,A,0x7e,0x12,FPix -z up right 6,1,FPix -z up right 6,2,8,turquoise-12,23/24,4,t,1335,bottom,,9,3,1,D3-RG3-HV2,,1304,,,,,,,
FPix_BmO_D3_BLD5_PNL2_RNG1,7T,M-Q-6-34,4101B,14,3Tc,3TB,4,PR161,portcard_FPix_BmO_D3_PRT2,PB-49,J12,4,dcdc_FPix_BmO_D3_PRT2,Disk3_RG3,CI-A 025,P66,C6,SN133278/0009,C8,3.02E+13,A,0x7e,0x12,FPix -z up right 5,6,FPix -z up right 6,2,9,turquoise-12,47/48,3,b,1334,bottom,,9,3,1,D3-RG3-HV2,,1303,,,,,,,
FPix_BmO_D3_BLD4_PNL2_RNG1,8T,M-P-3-28,4105B,13,3Tc,3TB,2,PR161,portcard_FPix_BmO_D3_PRT2,PB-49,J12,4,dcdc_FPix_BmO_D3_PRT2,Disk3_RG3,CI-A 025,P66,D5,SN133278/0010,C8,3.02E+13,A,0x7e,0x12,FPix -z up right 5,5,FPix -z up right 6,2,10,turquoise-12,23/24,3,t,1334,bottom,,9,3,1,D3-RG3-HV2,,1303,,,,,,,
FPix_BmO_D3_BLD3_PNL2_RNG1,9T,M-Q-8-08,4119B,15,3Td,3TA,6,PR159,portcard_FPix_BmO_D3_PRT1,PB-37,J12,4,dcdc_FPix_BmO_D3_PRT1,Disk3_RG4,CI-A 034,P72,D3,SN122498/0033,C8,3.02E+13,B,0x7d,0x12,FPix -z up right 5,3,FPix -z up right 6,2,12,violet-10,19/20,2,t,1333,bottom,,9,3,2,D3-RG4-HV2,-300V,1302,,,,,,,
FPix_BmO_D3_BLD2_PNL2_RNG1,10T,M-P-6-01,4117B,14,3Td,3TA,4,PR159,portcard_FPix_BmO_D3_PRT1,PB-37,J12,4,dcdc_FPix_BmO_D3_PRT1,Disk3_RG4,CI-A 034,P72,D2,SN122498/0049,C8,3.02E+13,B,0x7d,0x12,FPix -z up right 5,2,FPix -z up right 6,2,13,violet-10,43/44,1,b,1332,bottom,,9,3,2,D3-RG4-HV2,-300V,1301,,,,,,,
FPix_BmO_D3_BLD1_PNL2_RNG1,11T,M-P-5-47,4109B,13,3Td,3TA,2,PR159,portcard_FPix_BmO_D3_PRT1,PB-37,J12,4,dcdc_FPix_BmO_D3_PRT1,Disk3_RG4,CI-A 034,P72,D1,SN122498/0055,C8,3.02E+13,B,0x7d,0x12,FPix -z up right 5,1,FPix -z up right 6,2,14,violet-10,19/20,1,t,1332,bottom,,9,3,2,D3-RG4-HV2,-300V,1301,,,,,,,
FPix_BmO_D3_BLD11_PNL1_RNG1,1B,M-Q-6-04,4111B,10,3Ba,3BD,6,PR054,portcard_FPix_BmO_D3_PRT4,PB-24,J11,2,dcdc_FPix_BmO_D3_PRT4,Disk3_RG1,CI-A 031,P111,A21,SN133278/0001,B12,3.02E+13,A,0x7b,0x12,FPix -z down right 2,1,FPix -z down right 3,4,1,pink-11,45/46,7,b,1338,bottom,,9,4,1,D3-RG1-HV2,-300V,1307,,,,,,,
FPix_BmO_D3_BLD10_PNL1_RNG1,2B,M-Q-5-14,4114B,11,3Ba,3BD,4,PR054,portcard_FPix_BmO_D3_PRT4,PB-24,J11,2,dcdc_FPix_BmO_D3_PRT4,Disk3_RG1,CI-A 031,P111,A20,SN133278/0002,B12,3.02E+13,A,0x7b,0x12,FPix -z down right 2,2,FPix -z down right 3,4,2,pink-11,21/22,7,t,1338,bottom,,9,4,1,D3-RG1-HV2,-300V,1307,,,,,,,
FPix_BmO_D3_BLD9_PNL1_RNG1,3B,M-Q-1-04,4097B,12,3Ba,3BD,2,PR054,portcard_FPix_BmO_D3_PRT4,PB-24,J11,2,dcdc_FPix_BmO_D3_PRT4,Disk3_RG1,CI-A 031,P111,A19,SN133278/0003,B12,3.02E+13,A,0x7b,0x12,FPix -z down right 2,3,FPix -z down right 3,4,3,pink-11,45/46,6,b,1337,bottom,,9,4,1,D3-RG1-HV2,-300V,1306,,,,,,,
FPix_BmO_D3_BLD8_PNL1_RNG1,4B,M-P-2-20,6146,10,3Bb,3BC,6,PR060,portcard_FPix_BmO_D3_PRT3,PB-13,J11,2,dcdc_FPix_BmO_D3_PRT3,Disk3_RG2,CI-A 051,P114,A17,SN133278/0005,B12,3.02E+13,B,0x7c,0x12,FPix -z down right 2,5,FPix -z down right 3,4,5,yellow-9,41/42,5,b,1336,bottom,,9,4,2,D3-RG2-HV2,,1305,,,,,,,
FPix_BmO_D3_BLD7_PNL1_RNG1,5B,M-Q-5-17,4104W,11,3Bb,3BC,2,PR060,portcard_FPix_BmO_D3_PRT3,PB-13,J11,2,dcdc_FPix_BmO_D3_PRT3,Disk3_RG2,CI-A 051,P114,B15,SN133278/0007,B12,3.02E+13,B,0x7c,0x12,FPix -z down right 3,1,FPix -z down right 3,4,7,yellow-9,41/42,4,b,1335,bottom,,9,4,2,D3-RG2-HV2,,1304,,,,,,,
FPix_BmO_D3_BLD6_PNL1_RNG1,6B,M-Q-3-34,4106B,0,3Bc,3BB,6,PR061,portcard_FPix_BmO_D3_PRT2,PB-49,J11,2,dcdc_FPix_BmO_D3_PRT2,Disk3_RG3,CI-A 025,FP14,C7,SN133278/0008,C8,3.02E+13,A,0x7e,0x12,FPix -z up right 6,1,FPix -z up right 6,2,8,pink-11,21/22,4,t,1335,bottom,,9,3,1,D3-RG3-HV2,,1304,,,,,,,
FPix_BmO_D3_BLD5_PNL1_RNG1,7B,M-P-2-41,4107B,12,3Bc,3BB,4,PR061,portcard_FPix_BmO_D3_PRT2,PB-49,J11,2,dcdc_FPix_BmO_D3_PRT2,Disk3_RG3,CI-A 025,FP14,C6,SN133278/0009,C8,3.02E+13,A,0x7e,0x12,FPix -z up right 5,6,FPix -z up right 6,2,9,pink-11,45/46,3,b,1334,bottom,,9,3,1,D3-RG3-HV2,,1303,,,,,,,
FPix_BmO_D3_BLD4_PNL1_RNG1,8B,M-Q-9-46,4102B,1,3Bc,3BB,2,PR061,portcard_FPix_BmO_D3_PRT2,PB-49,J11,2,dcdc_FPix_BmO_D3_PRT2,Disk3_RG3,CI-A 025,FP14,D5,SN133278/0010,C8,3.02E+13,A,0x7e,0x12,FPix -z up right 5,5,FPix -z up right 6,2,10,pink-11,21/22,3,t,1334,bottom,,9,3,1,D3-RG3-HV2,,1303,,,,,,,
FPix_BmO_D3_BLD3_PNL1_RNG1,9B,M-Q-8-48,4108B,10,3Bd,3BA,6,PR059,portcard_FPix_BmO_D3_PRT1,PB-37,J11,2,dcdc_FPix_BmO_D3_PRT1,Disk3_RG4,CI-A 034,FP12,D3,SN122498/0033,C8,3.02E+13,B,0x7d,0x12,FPix -z up right 5,3,FPix -z up right 6,2,12,yellow-9,17/18,2,t,1333,bottom,,9,3,2,D3-RG4-HV2,-300V,1302,,,,,,,
FPix_BmO_D3_BLD2_PNL1_RNG1,10B,M-Q-9-08,4110B,11,3Bd,3BA,4,PR059,portcard_FPix_BmO_D3_PRT1,PB-37,J11,2,dcdc_FPix_BmO_D3_PRT1,Disk3_RG4,CI-A 034,FP12,D2,SN122498/0049,C8,3.02E+13,B,0x7d,0x12,FPix -z up right 5,2,FPix -z up right 6,2,13,yellow-9,41/42,1,b,1332,bottom,,9,3,2,D3-RG4-HV2,-300V,1301,,,,,,,
FPix_BmO_D3_BLD1_PNL1_RNG1,11B,M-Q-4-19,4115B,12,3Bd,3BA,2,PR059,portcard_FPix_BmO_D3_PRT1,PB-37,J11,2,dcdc_FPix_BmO_D3_PRT1,Disk3_RG4,CI-A 034,FP12,D1,SN122498/0055,C8,3.02E+13,B,0x7d,0x12,FPix -z up right 5,1,FPix -z up right 6,2,14,yellow-9,17/18,1,t,1332,bottom,,9,3,2,D3-RG4-HV2,-300V,1301,,,,,,,
FPix_BmO_D3_BLD17_PNL2_RNG2,1T,M-I-4-28,8019,9,3Ta,3TD,7,PR154,portcard_FPix_BmO_D3_PRT4,PB-24,J12,3,dcdc_FPix_BmO_D3_PRT4,Disk3_RG1,CI-A 031,FP15,A21,SN133278/0001,B12,3.02E+13,A,0x7b,0x12,FPix -z down right 2,1,FPix -z down right 3,4,1,violet-10,43/44,7,b,1338,bottom,,9,4,1,D3-RG1-HV1,,1307,BmO,,,,,,
FPix_BmO_D3_BLD16_PNL2_RNG2,2T,M-K-1-50,8001,8,3Ta,3TD,5,PR154,portcard_FPix_BmO_D3_PRT4,PB-24,J12,3,dcdc_FPix_BmO_D3_PRT4,Disk3_RG1,CI-A 031,FP15,A20,SN133278/0002,B12,3.02E+13,A,0x7b,0x12,FPix -z down right 2,2,FPix -z down right 3,4,2,violet-10,19/20,7,t,1338,bottom,,9,4,1,D3-RG1-HV1,,1307,,,,,,,
FPix_BmO_D3_BLD15_PNL2_RNG2,3T,M-K-2-04,8041,7,3Ta,3TD,3,PR154,portcard_FPix_BmO_D3_PRT4,PB-24,J12,3,dcdc_FPix_BmO_D3_PRT4,Disk3_RG1,CI-A 031,FP15,A19,SN133278/0003,B12,3.02E+13,A,0x7b,0x12,FPix -z down right 2,3,FPix -z down right 3,4,3,violet-10,43/44,6,b,1337,bottom,,9,4,1,D3-RG1-HV1,,1306,,,,,,,
FPix_BmO_D3_BLD14_PNL2_RNG2,4T,M-K-2-05,9074,6,3Ta,3TD,1,PR154,portcard_FPix_BmO_D3_PRT4,PB-24,J12,3,dcdc_FPix_BmO_D3_PRT4,Disk3_RG1,CI-A 031,FP15,A18,SN133278/0004,B12,3.02E+13,A,0x7b,0x12,FPix -z down right 2,4,FPix -z down right 3,4,4,violet-10,19/20,6,t,1337,bottom,,9,4,1,D3-RG1-HV1,,1306,,,,,,,
FPix_BmO_D3_BLD13_PNL2_RNG2,5T,M-L-4-40,8064,13,3Tb,3TC,7,PR160,portcard_FPix_BmO_D3_PRT3,PB-13,J12,3,dcdc_FPix_BmO_D3_PRT3,Disk3_RG2,CI-A 051,FP13,A18,SN133278/0004,B12,3.02E+13,B,0x7c,0x12,FPix -z down right 2,4,FPix -z down right 3,4,4,turquoise-12,23/24,6,t,1337,bottom,,9,4,2,D3-RG2-HV1,,1306,,,,,,,
FPix_BmO_D3_BLD12_PNL2_RNG2,6T,M-L-4-43,8052,12,3Tb,3TC,5,PR160,portcard_FPix_BmO_D3_PRT3,PB-13,J12,3,dcdc_FPix_BmO_D3_PRT3,Disk3_RG2,CI-A 051,FP13,A17,SN133278/0005,B12,3.02E+13,B,0x7c,0x12,FPix -z down right 2,5,FPix -z down right 3,4,5,turquoise-12,47/48,5,b,1336,bottom,,9,4,2,D3-RG2-HV1,,1305,,,,,,,
FPix_BmO_D3_BLD11_PNL2_RNG2,7T,M-K-2-28,8066,9,3Tb,3TC,4,PR160,portcard_FPix_BmO_D3_PRT3,PB-13,J12,4,dcdc_FPix_BmO_D3_PRT3,Disk3_RG2,CI-A 051,FP13,B16,SN133278/0006,B12,3.02E+13,B,0x7c,0x12,FPix -z down right 2,6,FPix -z down right 3,4,6,violet-10,19/20,5,t,1336,bottom,,9,4,2,D3-RG2-HV1,,1305,,,,,,,
FPix_BmO_D3_BLD10_PNL2_RNG2,8T,M-K-2-45,8012,8,3Tb,3TC,3,PR160,portcard_FPix_BmO_D3_PRT3,PB-13,J12,3,dcdc_FPix_BmO_D3_PRT3,Disk3_RG2,CI-A 051,FP13,B16,SN133278/0006,B12,3.02E+13,B,0x7c,0x12,FPix -z down right 2,6,FPix -z down right 3,4,6,turquoise-12,23/24,5,t,1336,bottom,,9,4,2,D3-RG2-HV1,,1305,,,,,,,
FPix_BmO_D3_BLD9_PNL2_RNG2,9T,M-K-2-46,8020,7,3Tb,3TC,1,PR160,portcard_FPix_BmO_D3_PRT3,PB-13,J12,3,dcdc_FPix_BmO_D3_PRT3,Disk3_RG2,CI-A 051,FP13,B15,SN133278/0007,B12,3.02E+13,B,0x7c,0x12,FPix -z down right 3,1,FPix -z down right 3,4,7,turquoise-12,47/48,4,b,1335,bottom,,9,4,2,D3-RG2-HV1,,1304,,,,,,,
FPix_BmO_D3_BLD8_PNL2_RNG2,10T,M-K-2-48,8006,9,3Tc,3TB,7,PR161,portcard_FPix_BmO_D3_PRT2,PB-49,J12,3,dcdc_FPix_BmO_D3_PRT2,Disk3_RG3,CI-A 025,P66,C7,SN133278/0008,C8,3.02E+13,A,0x7e,0x12,FPix -z up right 6,1,FPix -z up right 6,2,8,violet-10,19/20,4,t,1335,bottom,,9,3,1,D3-RG3-HV1,,1304,,,,,,,
FPix_BmO_D3_BLD7_PNL2_RNG2,11T,M-K-2-49,8007,8,3Tc,3TB,5,PR161,portcard_FPix_BmO_D3_PRT2,PB-49,J12,3,dcdc_FPix_BmO_D3_PRT2,Disk3_RG3,CI-A 025,P66,C6,SN133278/0009,C8,3.02E+13,A,0x7e,0x12,FPix -z up right 5,6,FPix -z up right 6,2,9,violet-10,43/44,3,b,1334,bottom,,9,3,1,D3-RG3-HV1,,1303,,,,,,,
FPix_BmO_D3_BLD6_PNL2_RNG2,12T,M-K-2-50,9028,7,3Tc,3TB,3,PR161,portcard_FPix_BmO_D3_PRT2,PB-49,J12,3,dcdc_FPix_BmO_D3_PRT2,Disk3_RG3,CI-A 025,P66,D5,SN133278/0010,C8,3.02E+13,A,0x7e,0x12,FPix -z up right 5,5,FPix -z up right 6,2,10,violet-10,19/20,3,t,1334,bottom,,9,3,1,D3-RG3-HV1,,1303,,,,,,,
FPix_BmO_D3_BLD5_PNL2_RNG2,13T,M-K-3-01,8027,6,3Tc,3TB,1,PR161,portcard_FPix_BmO_D3_PRT2,PB-49,J12,3,dcdc_FPix_BmO_D3_PRT2,Disk3_RG3,CI-A 025,P66,D4,SN122498/0032,C8,3.02E+13,A,0x7e,0x12,FPix -z up right 5,4,FPix -z up right 6,2,11,violet-10,43/44,2,b,1333,bottom,,9,3,1,D3-RG3-HV1,,1302,,,,,,,
FPix_BmO_D3_BLD4_PNL2_RNG2,14T,M-K-3-24,8024,9,3Td,3TA,7,PR159,portcard_FPix_BmO_D3_PRT1,PB-37,J12,3,dcdc_FPix_BmO_D3_PRT1,Disk3_RG4,CI-A 034,P72,D4,SN122498/0032,C8,3.02E+13,B,0x7d,0x12,FPix -z up right 5,4,FPix -z up right 6,2,11,turquoise-12,47/48,2,b,1333,bottom,,9,3,2,D3-RG4-HV1,,1302,,,,,,,
FPix_BmO_D3_BLD3_PNL2_RNG2,15T,M-K-3-29,8018,8,3Td,3TA,5,PR159,portcard_FPix_BmO_D3_PRT1,PB-37,J12,3,dcdc_FPix_BmO_D3_PRT1,Disk3_RG4,CI-A 034,P72,D3,SN122498/0033,C8,3.02E+13,B,0x7d,0x12,FPix -z up right 5,3,FPix -z up right 6,2,12,turquoise-12,23/24,2,t,1333,bottom,,9,3,2,D3-RG4-HV1,,1302,,,,,,,
FPix_BmO_D3_BLD2_PNL2_RNG2,16T,M-L-4-02,8005,7,3Td,3TA,3,PR159,portcard_FPix_BmO_D3_PRT1,PB-37,J12,3,dcdc_FPix_BmO_D3_PRT1,Disk3_RG4,CI-A 034,P72,D2,SN122498/0049,C8,3.02E+13,B,0x7d,0x12,FPix -z up right 5,2,FPix -z up right 6,2,13,turquoise-12,47/48,1,b,1332,bottom,,9,3,2,D3-RG4-HV1,,1301,,,,,,,
FPix_BmO_D3_BLD1_PNL2_RNG2,17T,M-K-3-50,8004,6,3Td,3TA,1,PR159,portcard_FPix_BmO_D3_PRT1,PB-37,J12,3,dcdc_FPix_BmO_D3_PRT1,Disk3_RG4,CI-A 034,P72,D1,SN122498/0055,C8,3.02E+13,B,0x7d,0x12,FPix -z up right 5,1,FPix -z up right 6,2,14,turquoise-12,23/24,1,t,1332,bottom,,9,3,2,D3-RG4-HV1,,1301,,,,,,,
FPix_BmO_D3_BLD17_PNL1_RNG2,1B,M-L-1-08,8025,5,3Ba,3BD,7,PR054,portcard_FPix_BmO_D3_PRT4,PB-24,J11,1,dcdc_FPix_BmO_D3_PRT4,Disk3_RG1,CI-A 031,P111,A21,SN133278/0001,B12,3.02E+13,A,0x7b,0x12,FPix -z down right 2,1,FPix -z down right 3,4,1,yellow-9,41/42,7,b,1338,bottom,,9,4,1,D3-RG1-HV1,,1307,,,,,,,
FPix_BmO_D3_BLD16_PNL1_RNG2,2B,M-L-1-13,9072,4,3Ba,3BD,5,PR054,portcard_FPix_BmO_D3_PRT4,PB-24,J11,1,dcdc_FPix_BmO_D3_PRT4,Disk3_RG1,CI-A 031,P111,A20,SN133278/0002,B12,3.02E+13,A,0x7b,0x12,FPix -z down right 2,2,FPix -z down right 3,4,2,yellow-9,17/18,7,t,1338,bottom,,9,4,1,D3-RG1-HV1,,1307,,,,,,,
FPix_BmO_D3_BLD15_PNL1_RNG2,3B,M-L-1-18,8014,3,3Ba,3BD,3,PR054,portcard_FPix_BmO_D3_PRT4,PB-24,J11,1,dcdc_FPix_BmO_D3_PRT4,Disk3_RG1,CI-A 031,P111,A19,SN133278/0003,B12,3.02E+13,A,0x7b,0x12,FPix -z down right 2,3,FPix -z down right 3,4,3,yellow-9,41/42,6,b,1337,bottom,,9,4,1,D3-RG1-HV1,,1306,,,,,,,
FPix_BmO_D3_BLD14_PNL1_RNG2,4B,M-L-1-23,8061,2,3Ba,3BD,1,PR054,portcard_FPix_BmO_D3_PRT4,PB-24,J11,1,dcdc_FPix_BmO_D3_PRT4,Disk3_RG1,CI-A 031,P111,A18,SN133278/0004,B12,3.02E+13,A,0x7b,0x12,FPix -z down right 2,4,FPix -z down right 3,4,4,yellow-9,17/18,6,t,1337,bottom,,9,4,1,D3-RG1-HV1,,1306,,,,,,,
FPix_BmO_D3_BLD13_PNL1_RNG2,5B,M-L-1-39,8023,6,3Bb,3BC,7,PR060,portcard_FPix_BmO_D3_PRT3,PB-13,J11,1,dcdc_FPix_BmO_D3_PRT3,Disk3_RG2,CI-A 051,P114,A18,SN133278/0004,B12,3.02E+13,B,0x7c,0x12,FPix -z down right 2,4,FPix -z down right 3,4,4,pink-11,21/22,6,t,1337,bottom,,9,4,2,D3-RG2-HV1,,1306,,,,,,,
FPix_BmO_D3_BLD12_PNL1_RNG2,6B,M-L-1-40,8063,5,3Bb,3BC,5,PR060,portcard_FPix_BmO_D3_PRT3,PB-13,J11,1,dcdc_FPix_BmO_D3_PRT3,Disk3_RG2,CI-A 051,P114,A17,SN133278/0005,B12,3.02E+13,B,0x7c,0x12,FPix -z down right 2,5,FPix -z down right 3,4,5,pink-11,45/46,5,b,1336,bottom,,9,4,2,D3-RG2-HV1,,1305,,,,,,,
FPix_BmO_D3_BLD11_PNL1_RNG2,7B,M-L-1-49,9033,4,3Bb,3BC,4,PR060,portcard_FPix_BmO_D3_PRT3,PB-13,J11,2,dcdc_FPix_BmO_D3_PRT3,Disk3_RG2,CI-A 051,P114,B16,SN133278/0006,B12,3.02E+13,B,0x7c,0x12,FPix -z down right 2,6,FPix -z down right 3,4,6,yellow-9,17/18,5,t,1336,bottom,,9,4,2,D3-RG2-HV1,,1305,,,,,,,
FPix_BmO_D3_BLD10_PNL1_RNG2,8B,M-L-2-07,8015,3,3Bb,3BC,3,PR060,portcard_FPix_BmO_D3_PRT3,PB-13,J11,1,dcdc_FPix_BmO_D3_PRT3,Disk3_RG2,CI-A 051,P114,B16,SN133278/0006,B12,3.02E+13,B,0x7c,0x12,FPix -z down right 2,6,FPix -z down right 3,4,6,pink-11,21/22,5,t,1336,bottom,,9,4,2,D3-RG2-HV1,,1305,,,,,,,
FPix_BmO_D3_BLD9_PNL1_RNG2,9B,M-L-2-22,8016,2,3Bb,3BC,1,PR060,portcard_FPix_BmO_D3_PRT3,PB-13,J11,1,dcdc_FPix_BmO_D3_PRT3,Disk3_RG2,CI-A 051,P114,B15,SN133278/0007,B12,3.02E+13,B,0x7c,0x12,FPix -z down right 3,1,FPix -z down right 3,4,7,pink-11,45/46,4,b,1335,bottom,,9,4,2,D3-RG2-HV1,,1304,,,,,,,
FPix_BmO_D3_BLD8_PNL1_RNG2,10B,M-L-2-34,9075,5,3Bc,3BB,7,PR061,portcard_FPix_BmO_D3_PRT2,PB-49,J11,1,dcdc_FPix_BmO_D3_PRT2,Disk3_RG3,CI-A 025,FP14,C7,SN133278/0008,C8,3.02E+13,A,0x7e,0x12,FPix -z up right 6,1,FPix -z up right 6,2,8,yellow-9,17/18,4,t,1335,bottom,,9,3,1,D3-RG3-HV1,,1304,,,,,,,
FPix_BmO_D3_BLD7_PNL1_RNG2,11B,M-L-2-42,8017,4,3Bc,3BB,5,PR061,portcard_FPix_BmO_D3_PRT2,PB-49,J11,1,dcdc_FPix_BmO_D3_PRT2,Disk3_RG3,CI-A 025,FP14,C6,SN133278/0009,C8,3.02E+13,A,0x7e,0x12,FPix -z up right 5,6,FPix -z up right 6,2,9,yellow-9,41/42,3,b,1334,bottom,,9,3,1,D3-RG3-HV1,,1303,,,,,,,
FPix_BmO_D3_BLD6_PNL1_RNG2,12B,M-L-2-43,8022,3,3Bc,3BB,3,PR061,portcard_FPix_BmO_D3_PRT2,PB-49,J11,1,dcdc_FPix_BmO_D3_PRT2,Disk3_RG3,CI-A 025,FP14,D5,SN133278/0010,C8,3.02E+13,A,0x7e,0x12,FPix -z up right 5,5,FPix -z up right 6,2,10,yellow-9,17/18,3,t,1334,bottom,,9,3,1,D3-RG3-HV1,,1303,,,,,,,
FPix_BmO_D3_BLD5_PNL1_RNG2,13B,M-L-2-49,8011,2,3Bc,3BB,1,PR061,portcard_FPix_BmO_D3_PRT2,PB-49,J11,1,dcdc_FPix_BmO_D3_PRT2,Disk3_RG3,CI-A 025,FP14,D4,SN122498/0032,C8,3.02E+13,A,0x7e,0x12,FPix -z up right 5,4,FPix -z up right 6,2,11,yellow-9,41/42,2,b,1333,bottom,,9,3,1,D3-RG3-HV1,,1302,,,,,,,
FPix_BmO_D3_BLD4_PNL1_RNG2,14B,M-L-3-17,8021,5,3Bd,3BA,7,PR059,portcard_FPix_BmO_D3_PRT1,PB-37,J11,1,dcdc_FPix_BmO_D3_PRT1,Disk3_RG4,CI-A 034,FP12,D4,SN122498/0032,C8,3.02E+13,B,0x7d,0x12,FPix -z up right 5,4,FPix -z up right 6,2,11,pink-11,45/46,2,b,1333,bottom,,9,3,2,D3-RG4-HV1,,1302,,,,,,,
FPix_BmO_D3_BLD3_PNL1_RNG2,15B,M-L-3-22,8058,4,3Bd,3BA,5,PR059,portcard_FPix_BmO_D3_PRT1,PB-37,J11,1,dcdc_FPix_BmO_D3_PRT1,Disk3_RG4,CI-A 034,FP12,D3,SN122498/0033,C8,3.02E+13,B,0x7d,0x12,FPix -z up right 5,3,FPix -z up right 6,2,12,pink-11,21/22,2,t,1333,bottom,,9,3,2,D3-RG4-HV1,,1302,,,,,,,
FPix_BmO_D3_BLD2_PNL1_RNG2,16B,M-L-3-26,8055,3,3Bd,3BA,3,PR059,portcard_FPix_BmO_D3_PRT1,PB-37,J11,1,dcdc_FPix_BmO_D3_PRT1,Disk3_RG4,CI-A 034,FP12,D2,SN122498/0049,C8,3.02E+13,B,0x7d,0x12,FPix -z up right 5,2,FPix -z up right 6,2,13,pink-11,45/46,1,b,1332,bottom,,9,3,2,D3-RG4-HV1,,1301,,,,,,,
FPix_BmO_D3_BLD1_PNL1_RNG2,17B,M-L-3-30,9052,2,3Bd,3BA,1,PR059,portcard_FPix_BmO_D3_PRT1,PB-37,J11,1,dcdc_FPix_BmO_D3_PRT1,Disk3_RG4,CI-A 034,FP12,D1,SN122498/0055,C8,3.02E+13,B,0x7d,0x12,FPix -z up right 5,1,FPix -z up right 6,2,14,pink-11,21/22,1,t,1332,bottom,,9,3,2,D3-RG4-HV1,,1301,,,,,,,
,,,,,,,,,,,,,,,Filterboard auxilary power,,,,,CCU DOH QR,,CCU board,DCU board,board,,,,,,,,,,,,,,,,,,,,,,,,
,,,,,,,,,,,,,,,CI-B  017,,,,B11,3.02E+13,,S/N 009,S/N 02,CCU+tFEC,,FPix -z down right 3,5,,,,,,,,,,,,,,,,,,,,,
,,,,,,,,,,,,,,,,,,,,,,,,,,,,,,,,,,,,,,,,,,,,,,,,
,,,,,,,,,,,,,,,,,,,,,,,,,,,,,,,,,,,,,,,,,,,,,,,,
,,,,,,,,,,,,,,,,,,,,,,,,,,,,,,,,,,,,,,,,,,,,,,,,
,,,,,,,,,,,,,,,,,,,,,,,,,,,,,,,,,,,,,,,,,,,,,,,,
,,,,,,,,,,,,,,,,,,,,,,,,,,,,,,,,,,,,,,,,,,,,,,,,
,,,,,,,,,,,,,,,,,,,,,,,,,,,,,,,,,,,,,,,,,,,,,,,,
,,,,,,,,,,,,,,,,,,,,,,,,,,,,,,,,,,,,,,,,,,,,,,,,
,,,,,,,,,,,,,,,,,,,,,,,,,,,,,,,,,,,,,,,,,,,,,,,,
,,,,,,,,,,,,,,,,,,,,,,,,,,,,,,,,,,,,,,,,,,,,,,,,
,,,,,,,,,,,,,,,,,,,,,,,,,,,,,,,,,,,,,,,,,,,,,,,,
,,,,,,,,,,,,,,,,,,,,,,,,,,,,,,,,,,,,,,,,,,,,,,,,
,,,,,,,,,,,,,,,,,,,,,,,,,,,,,,,,,,,,,,,,,,,,,,,,
,,,,,,,,,,,,,,,,,,,,,,,,,,,,,,,,,,,,,,,,,,,,,,,,
,,,,,,,,,,,,,,,,,,,,,,,,,,,,,,,,,,,,,,,,,,,,,,,,
,,,,,,,,,,,,,,,,,,,,,,,,,,,,,,,,,,,,,,,,,,,,,,,,
,,,,,,,,,,,,,,,,,,,,,,,,,,,,,,,,,,,,,,,,,,,,,,,,
,,,,,,,,,,,,,,,,,,,,,,,,,,,,,,,,,,,,,,,,,,,,,,,,
,,,,,,,,,,,,,,,,,,,,,,,,,,,,,,,,,,,,,,,,,,,,,,,,
,,,,,,,,,,,,,,,,,,,,,,,,,,,,,,,,,,,,,,,,,,,,,,,,
,,,,,,,,,,,,,,,,,,,,,,,,,,,,,,,,,,,,,,,,,,,,,,,,
,,,,,,,,,,,,,,,,,,,,,,,,,,,,,,,,,,,,,,,,,,,,,,,,
,,,,,,,,,,,,,,,,,,,,,,,,,,,,,,,,,,,,,,,,,,,,,,,,
,,,,,,,,,,,,,,,,,,,,,,,,,,,,,,,,,,,,,,,,,,,,,,,,
,,,,,,,,,,,,,,,,,,,,,,,,,,,,,,,,,,,,,,,,,,,,,,,,
,,,,,,,,,,,,,,,,,,,,,,,,,,,,,,,,,,,,,,,,,,,,,,,,
,,,,,,,,,,,,,,,,,,,,,,,,,,,,,,,,,,,,,,,,,,,,,,,,
,,,,,,,,,,,,,,,,,,,,,,,,,,,,,,,,,,,,,,,,,,,,,,,,
,,,,,,,,,,,,,,,,,,,,,,,,,,,,,,,,,,,,,,,,,,,,,,,,
,,,,,,,,,,,,,,,,,,,,,,,,,,,,,,,,,,,,,,,,,,,,,,,,
,,,,,,,,,,,,,,,,,,,,,,,,,,,,,,,,,,,,,,,,,,,,,,,,
,,,,,,,,,,,,,,,,,,,,,,,,,,,,,,,,,,,,,,,,,,,,,,,,
,,,,,,,,,,,,,,,,,,,,,,,,,,,,,,,,,,,,,,,,,,,,,,,,
,,,,,,,,,,,,,,,,,,,,,,,,,,,,,,,,,,,,,,,,,,,,,,,,
,,,,,,,,,,,,,,,,,,,,,,,,,,,,,,,,,,,,,,,,,,,,,,,,
,,,,,,,,,,,,,,,,,,,,,,,,,,,,,,,,,,,,,,,,,,,,,,,,
,,,,,,,,,,,,,,,,,,,,,,,,,,,,,,,,,,,,,,,,,,,,,,,,
,,,,,,,,,,,,,,,,,,,,,,,,,,,,,,,,,,,,,,,,,,,,,,,,
,,,,,,,,,,,,,,,,,,,,,,,,,,,,,,,,,,,,,,,,,,,,,,,,
,,,,,,,,,,,,,,,,,,,,,,,,,,,,,,,,,,,,,,,,,,,,,,,,
,,,,,,,,,,,,,,,,,,,,,,,,,,,,,,,,,,,,,,,,,,,,,,,,
,,,,,,,,,,,,,,,,,,,,,,,,,,,,,,,,,,,,,,,,,,,,,,,,
,,,,,,,,,,,,,,,,,,,,,,,,,,,,,,,,,,,,,,,,,,,,,,,,
,,,,,,,,,,,,,,,,,,,,,,,,,,,,,,,,,,,,,,,,,,,,,,,,
,,,,,,,,,,,,,,,,,,,,,,,,,,,,,,,,,,,,,,,,,,,,,,,,
,,,,,,,,,,,,,,,,,,,,,,,,,,,,,,,,,,,,,,,,,,,,,,,,
,,,,,,,,,,,,,,,,,,,,,,,,,,,,,,,,,,,,,,,,,,,,,,,,
,,,,,,,,,,,,,,,,,,,,,,,,,,,,,,,,,,,,,,,,,,,,,,,,
,,,,,,,,,,,,,,,,,,,,,,,,,,,,,,,,,,,,,,,,,,,,,,,,
,,,,,,,,,,,,,,,,,,,,,,,,,,,,,,,,,,,,,,,,,,,,,,,,
,,,,,,,,,,,,,,,,,,,,,,,,,,,,,,,,,,,,,,,,,,,,,,,,
,,,,,,,,,,,,,,,,,,,,,,,,,,,,,,,,,,,,,,,,,,,,,,,,
,,,,,,,,,,,,,,,,,,,,,,,,,,,,,,,,,,,,,,,,,,,,,,,,
,,,,,,,,,,,,,,,,,,,,,,,,,,,,,,,,,,,,,,,,,,,,,,,,
,,,,,,,,,,,,,,,,,,,,,,,,,,,,,,,,,,,,,,,,,,,,,,,,
,,,,,,,,,,,,,,,,,,,,,,,,,,,,,,,,,,,,,,,,,,,,,,,,
,,,,,,,,,,,,,,,,,,,,,,,,,,,,,,,,,,,,,,,,,,,,,,,,
,,,,,,,,,,,,,,,,,,,,,,,,,,,,,,,,,,,,,,,,,,,,,,,,
,,,,,,,,,,,,,,,,,,,,,,,,,,,,,,,,,,,,,,,,,,,,,,,,
,,,,,,,,,,,,,,,,,,,,,,,,,,,,,,,,,,,,,,,,,,,,,,,,
,,,,,,,,,,,,,,,,,,,,,,,,,,,,,,,,,,,,,,,,,,,,,,,,
,,,,,,,,,,,,,,,,,,,,,,,,,,,,,,,,,,,,,,,,,,,,,,,,
,,,,,,,,,,,,,,,,,,,,,,,,,,,,,,,,,,,,,,,,,,,,,,,,
,,,,,,,,,,,,,,,,,,,,,,,,,,,,,,,,,,,,,,,,,,,,,,,,
,,,,,,,,,,,,,,,,,,,,,,,,,,,,,,,,,,,,,,,,,,,,,,,,
,,,,,,,,,,,,,,,,,,,,,,,,,,,,,,,,,,,,,,,,,,,,,,,,
,,,,,,,,,,,,,,,,,,,,,,,,,,,,,,,,,,,,,,,,,,,,,,,,
,,,,,,,,,,,,,,,,,,,,,,,,,,,,,,,,,,,,,,,,,,,,,,,,
,,,,,,,,,,,,,,,,,,,,,,,,,,,,,,,,,,,,,,,,,,,,,,,,
,,,,,,,,,,,,,,,,,,,,,,,,,,,,,,,,,,,,,,,,,,,,,,,,
,,,,,,,,,,,,,,,,,,,,,,,,,,,,,,,,,,,,,,,,,,,,,,,,
,,,,,,,,,,,,,,,,,,,,,,,,,,,,,,,,,,,,,,,,,,,,,,,,
,,,,,,,,,,,,,,,,,,,,,,,,,,,,,,,,,,,,,,,,,,,,,,,,
,,,,,,,,,,,,,,,,,,,,,,,,,,,,,,,,,,,,,,,,,,,,,,,,
,,,,,,,,,,,,,,,,,,,,,,,,,,,,,,,,,,,,,,,,,,,,,,,,
,,,,,,,,,,,,,,,,,,,,,,,,,,,,,,,,,,,,,,,,,,,,,,,,
,,,,,,,,,,,,,,,,,,,,,,,,,,,,,,,,,,,,,,,,,,,,,,,,
,,,,,,,,,,,,,,,,,,,,,,,,,,,,,,,,,,,,,,,,,,,,,,,,
,,,,,,,,,,,,,,,,,,,,,,,,,,,,,,,,,,,,,,,,,,,,,,,,
,,,,,,,,,,,,,,,,,,,,,,,,,,,,,,,,,,,,,,,,,,,,,,,,
,,,,,,,,,,,,,,,,,,,,,,,,,,,,,,,,,,,,,,,,,,,,,,,,
,,,,,,,,,,,,,,,,,,,,,,,,,,,,,,,,,,,,,,,,,,,,,,,,
,,,,,,,,,,,,,,,,,,,,,,,,,,,,,,,,,,,,,,,,,,,,,,,,
,,,,,,,,,,,,,,,,,,,,,,,,,,,,,,,,,,,,,,,,,,,,,,,,
,,,,,,,,,,,,,,,,,,,,,,,,,,,,,,,,,,,,,,,,,,,,,,,,
,,,,,,,,,,,,,,,,,,,,,,,,,,,,,,,,,,,,,,,,,,,,,,,,
,,,,,,,,,,,,,,,,,,,,,,,,,,,,,,,,,,,,,,,,,,,,,,,,
,,,,,,,,,,,,,,,,,,,,,,,,,,,,,,,,,,,,,,,,,,,,,,,,
,,,,,,,,,,,,,,,,,,,,,,,,,,,,,,,,,,,,,,,,,,,,,,,,
,,,,,,,,,,,,,,,,,,,,,,,,,,,,,,,,,,,,,,,,,,,,,,,,
,,,,,,,,,,,,,,,,,,,,,,,,,,,,,,,,,,,,,,,,,,,,,,,,
,,,,,,,,,,,,,,,,,,,,,,,,,,,,,,,,,,,,,,,,,,,,,,,,
,,,,,,,,,,,,,,,,,,,,,,,,,,,,,,,,,,,,,,,,,,,,,,,,
,,,,,,,,,,,,,,,,,,,,,,,,,,,,,,,,,,,,,,,,,,,,,,,,
,,,,,,,,,,,,,,,,,,,,,,,,,,,,,,,,,,,,,,,,,,,,,,,,
,,,,,,,,,,,,,,,,,,,,,,,,,,,,,,,,,,,,,,,,,,,,,,,,
,,,,,,,,,,,,,,,,,,,,,,,,,,,,,,,,,,,,,,,,,,,,,,,,
,,,,,,,,,,,,,,,,,,,,,,,,,,,,,,,,,,,,,,,,,,,,,,,,
,,,,,,,,,,,,,,,,,,,,,,,,,,,,,,,,,,,,,,,,,,,,,,,,
,,,,,,,,,,,,,,,,,,,,,,,,,,,,,,,,,,,,,,,,,,,,,,,,
,,,,,,,,,,,,,,,,,,,,,,,,,,,,,,,,,,,,,,,,,,,,,,,,
,,,,,,,,,,,,,,,,,,,,,,,,,,,,,,,,,,,,,,,,,,,,,,,,
,,,,,,,,,,,,,,,,,,,,,,,,,,,,,,,,,,,,,,,,,,,,,,,,
,,,,,,,,,,,,,,,,,,,,,,,,,,,,,,,,,,,,,,,,,,,,,,,,
,,,,,,,,,,,,,,,,,,,,,,,,,,,,,,,,,,,,,,,,,,,,,,,,
,,,,,,,,,,,,,,,,,,,,,,,,,,,,,,,,,,,,,,,,,,,,,,,,
,,,,,,,,,,,,,,,,,,,,,,,,,,,,,,,,,,,,,,,,,,,,,,,,
,,,,,,,,,,,,,,,,,,,,,,,,,,,,,,,,,,,,,,,,,,,,,,,,
,,,,,,,,,,,,,,,,,,,,,,,,,,,,,,,,,,,,,,,,,,,,,,,,
,,,,,,,,,,,,,,,,,,,,,,,,,,,,,,,,,,,,,,,,,,,,,,,,
,,,,,,,,,,,,,,,,,,,,,,,,,,,,,,,,,,,,,,,,,,,,,,,,
,,,,,,,,,,,,,,,,,,,,,,,,,,,,,,,,,,,,,,,,,,,,,,,,
,,,,,,,,,,,,,,,,,,,,,,,,,,,,,,,,,,,,,,,,,,,,,,,,
,,,,,,,,,,,,,,,,,,,,,,,,,,,,,,,,,,,,,,,,,,,,,,,,
,,,,,,,,,,,,,,,,,,,,,,,,,,,,,,,,,,,,,,,,,,,,,,,,
,,,,,,,,,,,,,,,,,,,,,,,,,,,,,,,,,,,,,,,,,,,,,,,,
,,,,,,,,,,,,,,,,,,,,,,,,,,,,,,,,,,,,,,,,,,,,,,,,
,,,,,,,,,,,,,,,,,,,,,,,,,,,,,,,,,,,,,,,,,,,,,,,,
,,,,,,,,,,,,,,,,,,,,,,,,,,,,,,,,,,,,,,,,,,,,,,,,
,,,,,,,,,,,,,,,,,,,,,,,,,,,,,,,,,,,,,,,,,,,,,,,,
,,,,,,,,,,,,,,,,,,,,,,,,,,,,,,,,,,,,,,,,,,,,,,,,
,,,,,,,,,,,,,,,,,,,,,,,,,,,,,,,,,,,,,,,,,,,,,,,,
,,,,,,,,,,,,,,,,,,,,,,,,,,,,,,,,,,,,,,,,,,,,,,,,
,,,,,,,,,,,,,,,,,,,,,,,,,,,,,,,,,,,,,,,,,,,,,,,,
,,,,,,,,,,,,,,,,,,,,,,,,,,,,,,,,,,,,,,,,,,,,,,,,
,,,,,,,,,,,,,,,,,,,,,,,,,,,,,,,,,,,,,,,,,,,,,,,,
,,,,,,,,,,,,,,,,,,,,,,,,,,,,,,,,,,,,,,,,,,,,,,,,
,,,,,,,,,,,,,,,,,,,,,,,,,,,,,,,,,,,,,,,,,,,,,,,,
,,,,,,,,,,,,,,,,,,,,,,,,,,,,,,,,,,,,,,,,,,,,,,,,
,,,,,,,,,,,,,,,,,,,,,,,,,,,,,,,,,,,,,,,,,,,,,,,,
,,,,,,,,,,,,,,,,,,,,,,,,,,,,,,,,,,,,,,,,,,,,,,,,
,,,,,,,,,,,,,,,,,,,,,,,,,,,,,,,,,,,,,,,,,,,,,,,,
,,,,,,,,,,,,,,,,,,,,,,,,,,,,,,,,,,,,,,,,,,,,,,,,
,,,,,,,,,,,,,,,,,,,,,,,,,,,,,,,,,,,,,,,,,,,,,,,,
,,,,,,,,,,,,,,,,,,,,,,,,,,,,,,,,,,,,,,,,,,,,,,,,
,,,,,,,,,,,,,,,,,,,,,,,,,,,,,,,,,,,,,,,,,,,,,,,,
,,,,,,,,,,,,,,,,,,,,,,,,,,,,,,,,,,,,,,,,,,,,,,,,
,,,,,,,,,,,,,,,,,,,,,,,,,,,,,,,,,,,,,,,,,,,,,,,,
,,,,,,,,,,,,,,,,,,,,,,,,,,,,,,,,,,,,,,,,,,,,,,,,
,,,,,,,,,,,,,,,,,,,,,,,,,,,,,,,,,,,,,,,,,,,,,,,,
,,,,,,,,,,,,,,,,,,,,,,,,,,,,,,,,,,,,,,,,,,,,,,,,
,,,,,,,,,,,,,,,,,,,,,,,,,,,,,,,,,,,,,,,,,,,,,,,,
,,,,,,,,,,,,,,,,,,,,,,,,,,,,,,,,,,,,,,,,,,,,,,,,
,,,,,,,,,,,,,,,,,,,,,,,,,,,,,,,,,,,,,,,,,,,,,,,,
,,,,,,,,,,,,,,,,,,,,,,,,,,,,,,,,,,,,,,,,,,,,,,,,
,,,,,,,,,,,,,,,,,,,,,,,,,,,,,,,,,,,,,,,,,,,,,,,,
,,,,,,,,,,,,,,,,,,,,,,,,,,,,,,,,,,,,,,,,,,,,,,,,
,,,,,,,,,,,,,,,,,,,,,,,,,,,,,,,,,,,,,,,,,,,,,,,,
,,,,,,,,,,,,,,,,,,,,,,,,,,,,,,,,,,,,,,,,,,,,,,,,
,,,,,,,,,,,,,,,,,,,,,,,,,,,,,,,,,,,,,,,,,,,,,,,,
,,,,,,,,,,,,,,,,,,,,,,,,,,,,,,,,,,,,,,,,,,,,,,,,
,,,,,,,,,,,,,,,,,,,,,,,,,,,,,,,,,,,,,,,,,,,,,,,,
,,,,,,,,,,,,,,,,,,,,,,,,,,,,,,,,,,,,,,,,,,,,,,,,
,,,,,,,,,,,,,,,,,,,,,,,,,,,,,,,,,,,,,,,,,,,,,,,,
,,,,,,,,,,,,,,,,,,,,,,,,,,,,,,,,,,,,,,,,,,,,,,,,
,,,,,,,,,,,,,,,,,,,,,,,,,,,,,,,,,,,,,,,,,,,,,,,,
,,,,,,,,,,,,,,,,,,,,,,,,,,,,,,,,,,,,,,,,,,,,,,,,
,,,,,,,,,,,,,,,,,,,,,,,,,,,,,,,,,,,,,,,,,,,,,,,,
,,,,,,,,,,,,,,,,,,,,,,,,,,,,,,,,,,,,,,,,,,,,,,,,
,,,,,,,,,,,,,,,,,,,,,,,,,,,,,,,,,,,,,,,,,,,,,,,,
,,,,,,,,,,,,,,,,,,,,,,,,,,,,,,,,,,,,,,,,,,,,,,,,
,,,,,,,,,,,,,,,,,,,,,,,,,,,,,,,,,,,,,,,,,,,,,,,,
,,,,,,,,,,,,,,,,,,,,,,,,,,,,,,,,,,,,,,,,,,,,,,,,
,,,,,,,,,,,,,,,,,,,,,,,,,,,,,,,,,,,,,,,,,,,,,,,,
,,,,,,,,,,,,,,,,,,,,,,,,,,,,,,,,,,,,,,,,,,,,,,,,
,,,,,,,,,,,,,,,,,,,,,,,,,,,,,,,,,,,,,,,,,,,,,,,,
,,,,,,,,,,,,,,,,,,,,,,,,,,,,,,,,,,,,,,,,,,,,,,,,
,,,,,,,,,,,,,,,,,,,,,,,,,,,,,,,,,,,,,,,,,,,,,,,,
,,,,,,,,,,,,,,,,,,,,,,,,,,,,,,,,,,,,,,,,,,,,,,,,
,,,,,,,,,,,,,,,,,,,,,,,,,,,,,,,,,,,,,,,,,,,,,,,,
,,,,,,,,,,,,,,,,,,,,,,,,,,,,,,,,,,,,,,,,,,,,,,,,
,,,,,,,,,,,,,,,,,,,,,,,,,,,,,,,,,,,,,,,,,,,,,,,,
,,,,,,,,,,,,,,,,,,,,,,,,,,,,,,,,,,,,,,,,,,,,,,,,
,,,,,,,,,,,,,,,,,,,,,,,,,,,,,,,,,,,,,,,,,,,,,,,,
,,,,,,,,,,,,,,,,,,,,,,,,,,,,,,,,,,,,,,,,,,,,,,,,
,,,,,,,,,,,,,,,,,,,,,,,,,,,,,,,,,,,,,,,,,,,,,,,,
,,,,,,,,,,,,,,,,,,,,,,,,,,,,,,,,,,,,,,,,,,,,,,,,
,,,,,,,,,,,,,,,,,,,,,,,,,,,,,,,,,,,,,,,,,,,,,,,,
,,,,,,,,,,,,,,,,,,,,,,,,,,,,,,,,,,,,,,,,,,,,,,,,
,,,,,,,,,,,,,,,,,,,,,,,,,,,,,,,,,,,,,,,,,,,,,,,,
,,,,,,,,,,,,,,,,,,,,,,,,,,,,,,,,,,,,,,,,,,,,,,,,
,,,,,,,,,,,,,,,,,,,,,,,,,,,,,,,,,,,,,,,,,,,,,,,,
,,,,,,,,,,,,,,,,,,,,,,,,,,,,,,,,,,,,,,,,,,,,,,,,
,,,,,,,,,,,,,,,,,,,,,,,,,,,,,,,,,,,,,,,,,,,,,,,,
,,,,,,,,,,,,,,,,,,,,,,,,,,,,,,,,,,,,,,,,,,,,,,,,
,,,,,,,,,,,,,,,,,,,,,,,,,,,,,,,,,,,,,,,,,,,,,,,,
,,,,,,,,,,,,,,,,,,,,,,,,,,,,,,,,,,,,,,,,,,,,,,,,
,,,,,,,,,,,,,,,,,,,,,,,,,,,,,,,,,,,,,,,,,,,,,,,,
,,,,,,,,,,,,,,,,,,,,,,,,,,,,,,,,,,,,,,,,,,,,,,,,
,,,,,,,,,,,,,,,,,,,,,,,,,,,,,,,,,,,,,,,,,,,,,,,,
,,,,,,,,,,,,,,,,,,,,,,,,,,,,,,,,,,,,,,,,,,,,,,,,
,,,,,,,,,,,,,,,,,,,,,,,,,,,,,,,,,,,,,,,,,,,,,,,,
,,,,,,,,,,,,,,,,,,,,,,,,,,,,,,,,,,,,,,,,,,,,,,,,
,,,,,,,,,,,,,,,,,,,,,,,,,,,,,,,,,,,,,,,,,,,,,,,,
,,,,,,,,,,,,,,,,,,,,,,,,,,,,,,,,,,,,,,,,,,,,,,,,
,,,,,,,,,,,,,,,,,,,,,,,,,,,,,,,,,,,,,,,,,,,,,,,,
,,,,,,,,,,,,,,,,,,,,,,,,,,,,,,,,,,,,,,,,,,,,,,,,
,,,,,,,,,,,,,,,,,,,,,,,,,,,,,,,,,,,,,,,,,,,,,,,,
,,,,,,,,,,,,,,,,,,,,,,,,,,,,,,,,,,,,,,,,,,,,,,,,
,,,,,,,,,,,,,,,,,,,,,,,,,,,,,,,,,,,,,,,,,,,,,,,,
,,,,,,,,,,,,,,,,,,,,,,,,,,,,,,,,,,,,,,,,,,,,,,,,
,,,,,,,,,,,,,,,,,,,,,,,,,,,,,,,,,,,,,,,,,,,,,,,,
,,,,,,,,,,,,,,,,,,,,,,,,,,,,,,,,,,,,,,,,,,,,,,,,
,,,,,,,,,,,,,,,,,,,,,,,,,,,,,,,,,,,,,,,,,,,,,,,,
,,,,,,,,,,,,,,,,,,,,,,,,,,,,,,,,,,,,,,,,,,,,,,,,
,,,,,,,,,,,,,,,,,,,,,,,,,,,,,,,,,,,,,,,,,,,,,,,,
,,,,,,,,,,,,,,,,,,,,,,,,,,,,,,,,,,,,,,,,,,,,,,,,
,,,,,,,,,,,,,,,,,,,,,,,,,,,,,,,,,,,,,,,,,,,,,,,,
,,,,,,,,,,,,,,,,,,,,,,,,,,,,,,,,,,,,,,,,,,,,,,,,
,,,,,,,,,,,,,,,,,,,,,,,,,,,,,,,,,,,,,,,,,,,,,,,,
,,,,,,,,,,,,,,,,,,,,,,,,,,,,,,,,,,,,,,,,,,,,,,,,
,,,,,,,,,,,,,,,,,,,,,,,,,,,,,,,,,,,,,,,,,,,,,,,,
,,,,,,,,,,,,,,,,,,,,,,,,,,,,,,,,,,,,,,,,,,,,,,,,
,,,,,,,,,,,,,,,,,,,,,,,,,,,,,,,,,,,,,,,,,,,,,,,,
,,,,,,,,,,,,,,,,,,,,,,,,,,,,,,,,,,,,,,,,,,,,,,,,
,,,,,,,,,,,,,,,,,,,,,,,,,,,,,,,,,,,,,,,,,,,,,,,,
,,,,,,,,,,,,,,,,,,,,,,,,,,,,,,,,,,,,,,,,,,,,,,,,
,,,,,,,,,,,,,,,,,,,,,,,,,,,,,,,,,,,,,,,,,,,,,,,,
,,,,,,,,,,,,,,,,,,,,,,,,,,,,,,,,,,,,,,,,,,,,,,,,
,,,,,,,,,,,,,,,,,,,,,,,,,,,,,,,,,,,,,,,,,,,,,,,,
,,,,,,,,,,,,,,,,,,,,,,,,,,,,,,,,,,,,,,,,,,,,,,,,
,,,,,,,,,,,,,,,,,,,,,,,,,,,,,,,,,,,,,,,,,,,,,,,,
,,,,,,,,,,,,,,,,,,,,,,,,,,,,,,,,,,,,,,,,,,,,,,,,
,,,,,,,,,,,,,,,,,,,,,,,,,,,,,,,,,,,,,,,,,,,,,,,,
,,,,,,,,,,,,,,,,,,,,,,,,,,,,,,,,,,,,,,,,,,,,,,,,
,,,,,,,,,,,,,,,,,,,,,,,,,,,,,,,,,,,,,,,,,,,,,,,,
,,,,,,,,,,,,,,,,,,,,,,,,,,,,,,,,,,,,,,,,,,,,,,,,
,,,,,,,,,,,,,,,,,,,,,,,,,,,,,,,,,,,,,,,,,,,,,,,,
,,,,,,,,,,,,,,,,,,,,,,,,,,,,,,,,,,,,,,,,,,,,,,,,
,,,,,,,,,,,,,,,,,,,,,,,,,,,,,,,,,,,,,,,,,,,,,,,,
,,,,,,,,,,,,,,,,,,,,,,,,,,,,,,,,,,,,,,,,,,,,,,,,
,,,,,,,,,,,,,,,,,,,,,,,,,,,,,,,,,,,,,,,,,,,,,,,,
,,,,,,,,,,,,,,,,,,,,,,,,,,,,,,,,,,,,,,,,,,,,,,,,
,,,,,,,,,,,,,,,,,,,,,,,,,,,,,,,,,,,,,,,,,,,,,,,,
,,,,,,,,,,,,,,,,,,,,,,,,,,,,,,,,,,,,,,,,,,,,,,,,
,,,,,,,,,,,,,,,,,,,,,,,,,,,,,,,,,,,,,,,,,,,,,,,,
,,,,,,,,,,,,,,,,,,,,,,,,,,,,,,,,,,,,,,,,,,,,,,,,
,,,,,,,,,,,,,,,,,,,,,,,,,,,,,,,,,,,,,,,,,,,,,,,,
,,,,,,,,,,,,,,,,,,,,,,,,,,,,,,,,,,,,,,,,,,,,,,,,
,,,,,,,,,,,,,,,,,,,,,,,,,,,,,,,,,,,,,,,,,,,,,,,,
,,,,,,,,,,,,,,,,,,,,,,,,,,,,,,,,,,,,,,,,,,,,,,,,
,,,,,,,,,,,,,,,,,,,,,,,,,,,,,,,,,,,,,,,,,,,,,,,,
,,,,,,,,,,,,,,,,,,,,,,,,,,,,,,,,,,,,,,,,,,,,,,,,
,,,,,,,,,,,,,,,,,,,,,,,,,,,,,,,,,,,,,,,,,,,,,,,,
,,,,,,,,,,,,,,,,,,,,,,,,,,,,,,,,,,,,,,,,,,,,,,,,
,,,,,,,,,,,,,,,,,,,,,,,,,,,,,,,,,,,,,,,,,,,,,,,,
,,,,,,,,,,,,,,,,,,,,,,,,,,,,,,,,,,,,,,,,,,,,,,,,
,,,,,,,,,,,,,,,,,,,,,,,,,,,,,,,,,,,,,,,,,,,,,,,,
,,,,,,,,,,,,,,,,,,,,,,,,,,,,,,,,,,,,,,,,,,,,,,,,
,,,,,,,,,,,,,,,,,,,,,,,,,,,,,,,,,,,,,,,,,,,,,,,,
,,,,,,,,,,,,,,,,,,,,,,,,,,,,,,,,,,,,,,,,,,,,,,,,
,,,,,,,,,,,,,,,,,,,,,,,,,,,,,,,,,,,,,,,,,,,,,,,,
,,,,,,,,,,,,,,,,,,,,,,,,,,,,,,,,,,,,,,,,,,,,,,,,
,,,,,,,,,,,,,,,,,,,,,,,,,,,,,,,,,,,,,,,,,,,,,,,,
,,,,,,,,,,,,,,,,,,,,,,,,,,,,,,,,,,,,,,,,,,,,,,,,
,,,,,,,,,,,,,,,,,,,,,,,,,,,,,,,,,,,,,,,,,,,,,,,,
,,,,,,,,,,,,,,,,,,,,,,,,,,,,,,,,,,,,,,,,,,,,,,,,
,,,,,,,,,,,,,,,,,,,,,,,,,,,,,,,,,,,,,,,,,,,,,,,,
,,,,,,,,,,,,,,,,,,,,,,,,,,,,,,,,,,,,,,,,,,,,,,,,
,,,,,,,,,,,,,,,,,,,,,,,,,,,,,,,,,,,,,,,,,,,,,,,,
,,,,,,,,,,,,,,,,,,,,,,,,,,,,,,,,,,,,,,,,,,,,,,,,
,,,,,,,,,,,,,,,,,,,,,,,,,,,,,,,,,,,,,,,,,,,,,,,,
,,,,,,,,,,,,,,,,,,,,,,,,,,,,,,,,,,,,,,,,,,,,,,,,
,,,,,,,,,,,,,,,,,,,,,,,,,,,,,,,,,,,,,,,,,,,,,,,,
,,,,,,,,,,,,,,,,,,,,,,,,,,,,,,,,,,,,,,,,,,,,,,,,
,,,,,,,,,,,,,,,,,,,,,,,,,,,,,,,,,,,,,,,,,,,,,,,,
,,,,,,,,,,,,,,,,,,,,,,,,,,,,,,,,,,,,,,,,,,,,,,,,
,,,,,,,,,,,,,,,,,,,,,,,,,,,,,,,,,,,,,,,,,,,,,,,,
,,,,,,,,,,,,,,,,,,,,,,,,,,,,,,,,,,,,,,,,,,,,,,,,
,,,,,,,,,,,,,,,,,,,,,,,,,,,,,,,,,,,,,,,,,,,,,,,,
,,,,,,,,,,,,,,,,,,,,,,,,,,,,,,,,,,,,,,,,,,,,,,,,
,,,,,,,,,,,,,,,,,,,,,,,,,,,,,,,,,,,,,,,,,,,,,,,,
,,,,,,,,,,,,,,,,,,,,,,,,,,,,,,,,,,,,,,,,,,,,,,,,
,,,,,,,,,,,,,,,,,,,,,,,,,,,,,,,,,,,,,,,,,,,,,,,,
,,,,,,,,,,,,,,,,,,,,,,,,,,,,,,,,,,,,,,,,,,,,,,,,
,,,,,,,,,,,,,,,,,,,,,,,,,,,,,,,,,,,,,,,,,,,,,,,,
,,,,,,,,,,,,,,,,,,,,,,,,,,,,,,,,,,,,,,,,,,,,,,,,
,,,,,,,,,,,,,,,,,,,,,,,,,,,,,,,,,,,,,,,,,,,,,,,,
,,,,,,,,,,,,,,,,,,,,,,,,,,,,,,,,,,,,,,,,,,,,,,,,
,,,,,,,,,,,,,,,,,,,,,,,,,,,,,,,,,,,,,,,,,,,,,,,,
,,,,,,,,,,,,,,,,,,,,,,,,,,,,,,,,,,,,,,,,,,,,,,,,
,,,,,,,,,,,,,,,,,,,,,,,,,,,,,,,,,,,,,,,,,,,,,,,,
,,,,,,,,,,,,,,,,,,,,,,,,,,,,,,,,,,,,,,,,,,,,,,,,
,,,,,,,,,,,,,,,,,,,,,,,,,,,,,,,,,,,,,,,,,,,,,,,,
,,,,,,,,,,,,,,,,,,,,,,,,,,,,,,,,,,,,,,,,,,,,,,,,
,,,,,,,,,,,,,,,,,,,,,,,,,,,,,,,,,,,,,,,,,,,,,,,,
,,,,,,,,,,,,,,,,,,,,,,,,,,,,,,,,,,,,,,,,,,,,,,,,
,,,,,,,,,,,,,,,,,,,,,,,,,,,,,,,,,,,,,,,,,,,,,,,,
,,,,,,,,,,,,,,,,,,,,,,,,,,,,,,,,,,,,,,,,,,,,,,,,
,,,,,,,,,,,,,,,,,,,,,,,,,,,,,,,,,,,,,,,,,,,,,,,,
,,,,,,,,,,,,,,,,,,,,,,,,,,,,,,,,,,,,,,,,,,,,,,,,
,,,,,,,,,,,,,,,,,,,,,,,,,,,,,,,,,,,,,,,,,,,,,,,,
,,,,,,,,,,,,,,,,,,,,,,,,,,,,,,,,,,,,,,,,,,,,,,,,
,,,,,,,,,,,,,,,,,,,,,,,,,,,,,,,,,,,,,,,,,,,,,,,,
,,,,,,,,,,,,,,,,,,,,,,,,,,,,,,,,,,,,,,,,,,,,,,,,
,,,,,,,,,,,,,,,,,,,,,,,,,,,,,,,,,,,,,,,,,,,,,,,,
,,,,,,,,,,,,,,,,,,,,,,,,,,,,,,,,,,,,,,,,,,,,,,,,
,,,,,,,,,,,,,,,,,,,,,,,,,,,,,,,,,,,,,,,,,,,,,,,,
,,,,,,,,,,,,,,,,,,,,,,,,,,,,,,,,,,,,,,,,,,,,,,,,
,,,,,,,,,,,,,,,,,,,,,,,,,,,,,,,,,,,,,,,,,,,,,,,,
,,,,,,,,,,,,,,,,,,,,,,,,,,,,,,,,,,,,,,,,,,,,,,,,
,,,,,,,,,,,,,,,,,,,,,,,,,,,,,,,,,,,,,,,,,,,,,,,,
,,,,,,,,,,,,,,,,,,,,,,,,,,,,,,,,,,,,,,,,,,,,,,,,
,,,,,,,,,,,,,,,,,,,,,,,,,,,,,,,,,,,,,,,,,,,,,,,,
,,,,,,,,,,,,,,,,,,,,,,,,,,,,,,,,,,,,,,,,,,,,,,,,
,,,,,,,,,,,,,,,,,,,,,,,,,,,,,,,,,,,,,,,,,,,,,,,,
,,,,,,,,,,,,,,,,,,,,,,,,,,,,,,,,,,,,,,,,,,,,,,,,
,,,,,,,,,,,,,,,,,,,,,,,,,,,,,,,,,,,,,,,,,,,,,,,,
,,,,,,,,,,,,,,,,,,,,,,,,,,,,,,,,,,,,,,,,,,,,,,,,
,,,,,,,,,,,,,,,,,,,,,,,,,,,,,,,,,,,,,,,,,,,,,,,,
,,,,,,,,,,,,,,,,,,,,,,,,,,,,,,,,,,,,,,,,,,,,,,,,
,,,,,,,,,,,,,,,,,,,,,,,,,,,,,,,,,,,,,,,,,,,,,,,,
,,,,,,,,,,,,,,,,,,,,,,,,,,,,,,,,,,,,,,,,,,,,,,,,
,,,,,,,,,,,,,,,,,,,,,,,,,,,,,,,,,,,,,,,,,,,,,,,,
,,,,,,,,,,,,,,,,,,,,,,,,,,,,,,,,,,,,,,,,,,,,,,,,
,,,,,,,,,,,,,,,,,,,,,,,,,,,,,,,,,,,,,,,,,,,,,,,,
,,,,,,,,,,,,,,,,,,,,,,,,,,,,,,,,,,,,,,,,,,,,,,,,
,,,,,,,,,,,,,,,,,,,,,,,,,,,,,,,,,,,,,,,,,,,,,,,,
,,,,,,,,,,,,,,,,,,,,,,,,,,,,,,,,,,,,,,,,,,,,,,,,
,,,,,,,,,,,,,,,,,,,,,,,,,,,,,,,,,,,,,,,,,,,,,,,,
,,,,,,,,,,,,,,,,,,,,,,,,,,,,,,,,,,,,,,,,,,,,,,,,
,,,,,,,,,,,,,,,,,,,,,,,,,,,,,,,,,,,,,,,,,,,,,,,,
,,,,,,,,,,,,,,,,,,,,,,,,,,,,,,,,,,,,,,,,,,,,,,,,
,,,,,,,,,,,,,,,,,,,,,,,,,,,,,,,,,,,,,,,,,,,,,,,,
,,,,,,,,,,,,,,,,,,,,,,,,,,,,,,,,,,,,,,,,,,,,,,,,
,,,,,,,,,,,,,,,,,,,,,,,,,,,,,,,,,,,,,,,,,,,,,,,,
,,,,,,,,,,,,,,,,,,,,,,,,,,,,,,,,,,,,,,,,,,,,,,,,
,,,,,,,,,,,,,,,,,,,,,,,,,,,,,,,,,,,,,,,,,,,,,,,,
,,,,,,,,,,,,,,,,,,,,,,,,,,,,,,,,,,,,,,,,,,,,,,,,
,,,,,,,,,,,,,,,,,,,,,,,,,,,,,,,,,,,,,,,,,,,,,,,,
,,,,,,,,,,,,,,,,,,,,,,,,,,,,,,,,,,,,,,,,,,,,,,,,
,,,,,,,,,,,,,,,,,,,,,,,,,,,,,,,,,,,,,,,,,,,,,,,,
,,,,,,,,,,,,,,,,,,,,,,,,,,,,,,,,,,,,,,,,,,,,,,,,
,,,,,,,,,,,,,,,,,,,,,,,,,,,,,,,,,,,,,,,,,,,,,,,,
,,,,,,,,,,,,,,,,,,,,,,,,,,,,,,,,,,,,,,,,,,,,,,,,
,,,,,,,,,,,,,,,,,,,,,,,,,,,,,,,,,,,,,,,,,,,,,,,,
,,,,,,,,,,,,,,,,,,,,,,,,,,,,,,,,,,,,,,,,,,,,,,,,
,,,,,,,,,,,,,,,,,,,,,,,,,,,,,,,,,,,,,,,,,,,,,,,,
,,,,,,,,,,,,,,,,,,,,,,,,,,,,,,,,,,,,,,,,,,,,,,,,
,,,,,,,,,,,,,,,,,,,,,,,,,,,,,,,,,,,,,,,,,,,,,,,,
,,,,,,,,,,,,,,,,,,,,,,,,,,,,,,,,,,,,,,,,,,,,,,,,
,,,,,,,,,,,,,,,,,,,,,,,,,,,,,,,,,,,,,,,,,,,,,,,,
,,,,,,,,,,,,,,,,,,,,,,,,,,,,,,,,,,,,,,,,,,,,,,,,
,,,,,,,,,,,,,,,,,,,,,,,,,,,,,,,,,,,,,,,,,,,,,,,,
,,,,,,,,,,,,,,,,,,,,,,,,,,,,,,,,,,,,,,,,,,,,,,,,
,,,,,,,,,,,,,,,,,,,,,,,,,,,,,,,,,,,,,,,,,,,,,,,,
,,,,,,,,,,,,,,,,,,,,,,,,,,,,,,,,,,,,,,,,,,,,,,,,
,,,,,,,,,,,,,,,,,,,,,,,,,,,,,,,,,,,,,,,,,,,,,,,,
,,,,,,,,,,,,,,,,,,,,,,,,,,,,,,,,,,,,,,,,,,,,,,,,
,,,,,,,,,,,,,,,,,,,,,,,,,,,,,,,,,,,,,,,,,,,,,,,,
,,,,,,,,,,,,,,,,,,,,,,,,,,,,,,,,,,,,,,,,,,,,,,,,
,,,,,,,,,,,,,,,,,,,,,,,,,,,,,,,,,,,,,,,,,,,,,,,,
,,,,,,,,,,,,,,,,,,,,,,,,,,,,,,,,,,,,,,,,,,,,,,,,
,,,,,,,,,,,,,,,,,,,,,,,,,,,,,,,,,,,,,,,,,,,,,,,,
,,,,,,,,,,,,,,,,,,,,,,,,,,,,,,,,,,,,,,,,,,,,,,,,
,,,,,,,,,,,,,,,,,,,,,,,,,,,,,,,,,,,,,,,,,,,,,,,,
,,,,,,,,,,,,,,,,,,,,,,,,,,,,,,,,,,,,,,,,,,,,,,,,
,,,,,,,,,,,,,,,,,,,,,,,,,,,,,,,,,,,,,,,,,,,,,,,,
,,,,,,,,,,,,,,,,,,,,,,,,,,,,,,,,,,,,,,,,,,,,,,,,
,,,,,,,,,,,,,,,,,,,,,,,,,,,,,,,,,,,,,,,,,,,,,,,,
,,,,,,,,,,,,,,,,,,,,,,,,,,,,,,,,,,,,,,,,,,,,,,,,
,,,,,,,,,,,,,,,,,,,,,,,,,,,,,,,,,,,,,,,,,,,,,,,,
,,,,,,,,,,,,,,,,,,,,,,,,,,,,,,,,,,,,,,,,,,,,,,,,
,,,,,,,,,,,,,,,,,,,,,,,,,,,,,,,,,,,,,,,,,,,,,,,,
,,,,,,,,,,,,,,,,,,,,,,,,,,,,,,,,,,,,,,,,,,,,,,,,
,,,,,,,,,,,,,,,,,,,,,,,,,,,,,,,,,,,,,,,,,,,,,,,,
,,,,,,,,,,,,,,,,,,,,,,,,,,,,,,,,,,,,,,,,,,,,,,,,
,,,,,,,,,,,,,,,,,,,,,,,,,,,,,,,,,,,,,,,,,,,,,,,,
,,,,,,,,,,,,,,,,,,,,,,,,,,,,,,,,,,,,,,,,,,,,,,,,
,,,,,,,,,,,,,,,,,,,,,,,,,,,,,,,,,,,,,,,,,,,,,,,,
,,,,,,,,,,,,,,,,,,,,,,,,,,,,,,,,,,,,,,,,,,,,,,,,
,,,,,,,,,,,,,,,,,,,,,,,,,,,,,,,,,,,,,,,,,,,,,,,,
,,,,,,,,,,,,,,,,,,,,,,,,,,,,,,,,,,,,,,,,,,,,,,,,
,,,,,,,,,,,,,,,,,,,,,,,,,,,,,,,,,,,,,,,,,,,,,,,,
,,,,,,,,,,,,,,,,,,,,,,,,,,,,,,,,,,,,,,,,,,,,,,,,
,,,,,,,,,,,,,,,,,,,,,,,,,,,,,,,,,,,,,,,,,,,,,,,,
,,,,,,,,,,,,,,,,,,,,,,,,,,,,,,,,,,,,,,,,,,,,,,,,
,,,,,,,,,,,,,,,,,,,,,,,,,,,,,,,,,,,,,,,,,,,,,,,,
,,,,,,,,,,,,,,,,,,,,,,,,,,,,,,,,,,,,,,,,,,,,,,,,
,,,,,,,,,,,,,,,,,,,,,,,,,,,,,,,,,,,,,,,,,,,,,,,,
,,,,,,,,,,,,,,,,,,,,,,,,,,,,,,,,,,,,,,,,,,,,,,,,
,,,,,,,,,,,,,,,,,,,,,,,,,,,,,,,,,,,,,,,,,,,,,,,,
,,,,,,,,,,,,,,,,,,,,,,,,,,,,,,,,,,,,,,,,,,,,,,,,
,,,,,,,,,,,,,,,,,,,,,,,,,,,,,,,,,,,,,,,,,,,,,,,,
,,,,,,,,,,,,,,,,,,,,,,,,,,,,,,,,,,,,,,,,,,,,,,,,
,,,,,,,,,,,,,,,,,,,,,,,,,,,,,,,,,,,,,,,,,,,,,,,,
,,,,,,,,,,,,,,,,,,,,,,,,,,,,,,,,,,,,,,,,,,,,,,,,
,,,,,,,,,,,,,,,,,,,,,,,,,,,,,,,,,,,,,,,,,,,,,,,,
,,,,,,,,,,,,,,,,,,,,,,,,,,,,,,,,,,,,,,,,,,,,,,,,
,,,,,,,,,,,,,,,,,,,,,,,,,,,,,,,,,,,,,,,,,,,,,,,,
,,,,,,,,,,,,,,,,,,,,,,,,,,,,,,,,,,,,,,,,,,,,,,,,
,,,,,,,,,,,,,,,,,,,,,,,,,,,,,,,,,,,,,,,,,,,,,,,,
,,,,,,,,,,,,,,,,,,,,,,,,,,,,,,,,,,,,,,,,,,,,,,,,
,,,,,,,,,,,,,,,,,,,,,,,,,,,,,,,,,,,,,,,,,,,,,,,,
,,,,,,,,,,,,,,,,,,,,,,,,,,,,,,,,,,,,,,,,,,,,,,,,
,,,,,,,,,,,,,,,,,,,,,,,,,,,,,,,,,,,,,,,,,,,,,,,,
,,,,,,,,,,,,,,,,,,,,,,,,,,,,,,,,,,,,,,,,,,,,,,,,
,,,,,,,,,,,,,,,,,,,,,,,,,,,,,,,,,,,,,,,,,,,,,,,,
,,,,,,,,,,,,,,,,,,,,,,,,,,,,,,,,,,,,,,,,,,,,,,,,
,,,,,,,,,,,,,,,,,,,,,,,,,,,,,,,,,,,,,,,,,,,,,,,,
,,,,,,,,,,,,,,,,,,,,,,,,,,,,,,,,,,,,,,,,,,,,,,,,
,,,,,,,,,,,,,,,,,,,,,,,,,,,,,,,,,,,,,,,,,,,,,,,,
,,,,,,,,,,,,,,,,,,,,,,,,,,,,,,,,,,,,,,,,,,,,,,,,
,,,,,,,,,,,,,,,,,,,,,,,,,,,,,,,,,,,,,,,,,,,,,,,,
,,,,,,,,,,,,,,,,,,,,,,,,,,,,,,,,,,,,,,,,,,,,,,,,
,,,,,,,,,,,,,,,,,,,,,,,,,,,,,,,,,,,,,,,,,,,,,,,,
,,,,,,,,,,,,,,,,,,,,,,,,,,,,,,,,,,,,,,,,,,,,,,,,
,,,,,,,,,,,,,,,,,,,,,,,,,,,,,,,,,,,,,,,,,,,,,,,,
,,,,,,,,,,,,,,,,,,,,,,,,,,,,,,,,,,,,,,,,,,,,,,,,
,,,,,,,,,,,,,,,,,,,,,,,,,,,,,,,,,,,,,,,,,,,,,,,,
,,,,,,,,,,,,,,,,,,,,,,,,,,,,,,,,,,,,,,,,,,,,,,,,
,,,,,,,,,,,,,,,,,,,,,,,,,,,,,,,,,,,,,,,,,,,,,,,,
,,,,,,,,,,,,,,,,,,,,,,,,,,,,,,,,,,,,,,,,,,,,,,,,
,,,,,,,,,,,,,,,,,,,,,,,,,,,,,,,,,,,,,,,,,,,,,,,,
,,,,,,,,,,,,,,,,,,,,,,,,,,,,,,,,,,,,,,,,,,,,,,,,
,,,,,,,,,,,,,,,,,,,,,,,,,,,,,,,,,,,,,,,,,,,,,,,,
,,,,,,,,,,,,,,,,,,,,,,,,,,,,,,,,,,,,,,,,,,,,,,,,
,,,,,,,,,,,,,,,,,,,,,,,,,,,,,,,,,,,,,,,,,,,,,,,,
,,,,,,,,,,,,,,,,,,,,,,,,,,,,,,,,,,,,,,,,,,,,,,,,
,,,,,,,,,,,,,,,,,,,,,,,,,,,,,,,,,,,,,,,,,,,,,,,,
,,,,,,,,,,,,,,,,,,,,,,,,,,,,,,,,,,,,,,,,,,,,,,,,
,,,,,,,,,,,,,,,,,,,,,,,,,,,,,,,,,,,,,,,,,,,,,,,,
,,,,,,,,,,,,,,,,,,,,,,,,,,,,,,,,,,,,,,,,,,,,,,,,
,,,,,,,,,,,,,,,,,,,,,,,,,,,,,,,,,,,,,,,,,,,,,,,,
,,,,,,,,,,,,,,,,,,,,,,,,,,,,,,,,,,,,,,,,,,,,,,,,
,,,,,,,,,,,,,,,,,,,,,,,,,,,,,,,,,,,,,,,,,,,,,,,,
,,,,,,,,,,,,,,,,,,,,,,,,,,,,,,,,,,,,,,,,,,,,,,,,
,,,,,,,,,,,,,,,,,,,,,,,,,,,,,,,,,,,,,,,,,,,,,,,,
,,,,,,,,,,,,,,,,,,,,,,,,,,,,,,,,,,,,,,,,,,,,,,,,
,,,,,,,,,,,,,,,,,,,,,,,,,,,,,,,,,,,,,,,,,,,,,,,,
,,,,,,,,,,,,,,,,,,,,,,,,,,,,,,,,,,,,,,,,,,,,,,,,
,,,,,,,,,,,,,,,,,,,,,,,,,,,,,,,,,,,,,,,,,,,,,,,,
,,,,,,,,,,,,,,,,,,,,,,,,,,,,,,,,,,,,,,,,,,,,,,,,
,,,,,,,,,,,,,,,,,,,,,,,,,,,,,,,,,,,,,,,,,,,,,,,,
,,,,,,,,,,,,,,,,,,,,,,,,,,,,,,,,,,,,,,,,,,,,,,,,
,,,,,,,,,,,,,,,,,,,,,,,,,,,,,,,,,,,,,,,,,,,,,,,,
,,,,,,,,,,,,,,,,,,,,,,,,,,,,,,,,,,,,,,,,,,,,,,,,
,,,,,,,,,,,,,,,,,,,,,,,,,,,,,,,,,,,,,,,,,,,,,,,,
,,,,,,,,,,,,,,,,,,,,,,,,,,,,,,,,,,,,,,,,,,,,,,,,
,,,,,,,,,,,,,,,,,,,,,,,,,,,,,,,,,,,,,,,,,,,,,,,,
,,,,,,,,,,,,,,,,,,,,,,,,,,,,,,,,,,,,,,,,,,,,,,,,
,,,,,,,,,,,,,,,,,,,,,,,,,,,,,,,,,,,,,,,,,,,,,,,,
,,,,,,,,,,,,,,,,,,,,,,,,,,,,,,,,,,,,,,,,,,,,,,,,
,,,,,,,,,,,,,,,,,,,,,,,,,,,,,,,,,,,,,,,,,,,,,,,,
,,,,,,,,,,,,,,,,,,,,,,,,,,,,,,,,,,,,,,,,,,,,,,,,
,,,,,,,,,,,,,,,,,,,,,,,,,,,,,,,,,,,,,,,,,,,,,,,,
,,,,,,,,,,,,,,,,,,,,,,,,,,,,,,,,,,,,,,,,,,,,,,,,
,,,,,,,,,,,,,,,,,,,,,,,,,,,,,,,,,,,,,,,,,,,,,,,,
,,,,,,,,,,,,,,,,,,,,,,,,,,,,,,,,,,,,,,,,,,,,,,,,
,,,,,,,,,,,,,,,,,,,,,,,,,,,,,,,,,,,,,,,,,,,,,,,,
,,,,,,,,,,,,,,,,,,,,,,,,,,,,,,,,,,,,,,,,,,,,,,,,
,,,,,,,,,,,,,,,,,,,,,,,,,,,,,,,,,,,,,,,,,,,,,,,,
,,,,,,,,,,,,,,,,,,,,,,,,,,,,,,,,,,,,,,,,,,,,,,,,
,,,,,,,,,,,,,,,,,,,,,,,,,,,,,,,,,,,,,,,,,,,,,,,,
,,,,,,,,,,,,,,,,,,,,,,,,,,,,,,,,,,,,,,,,,,,,,,,,
,,,,,,,,,,,,,,,,,,,,,,,,,,,,,,,,,,,,,,,,,,,,,,,,
,,,,,,,,,,,,,,,,,,,,,,,,,,,,,,,,,,,,,,,,,,,,,,,,
,,,,,,,,,,,,,,,,,,,,,,,,,,,,,,,,,,,,,,,,,,,,,,,,
,,,,,,,,,,,,,,,,,,,,,,,,,,,,,,,,,,,,,,,,,,,,,,,,
,,,,,,,,,,,,,,,,,,,,,,,,,,,,,,,,,,,,,,,,,,,,,,,,
,,,,,,,,,,,,,,,,,,,,,,,,,,,,,,,,,,,,,,,,,,,,,,,,
,,,,,,,,,,,,,,,,,,,,,,,,,,,,,,,,,,,,,,,,,,,,,,,,
,,,,,,,,,,,,,,,,,,,,,,,,,,,,,,,,,,,,,,,,,,,,,,,,
,,,,,,,,,,,,,,,,,,,,,,,,,,,,,,,,,,,,,,,,,,,,,,,,
,,,,,,,,,,,,,,,,,,,,,,,,,,,,,,,,,,,,,,,,,,,,,,,,
,,,,,,,,,,,,,,,,,,,,,,,,,,,,,,,,,,,,,,,,,,,,,,,,
,,,,,,,,,,,,,,,,,,,,,,,,,,,,,,,,,,,,,,,,,,,,,,,,
,,,,,,,,,,,,,,,,,,,,,,,,,,,,,,,,,,,,,,,,,,,,,,,,
,,,,,,,,,,,,,,,,,,,,,,,,,,,,,,,,,,,,,,,,,,,,,,,,
,,,,,,,,,,,,,,,,,,,,,,,,,,,,,,,,,,,,,,,,,,,,,,,,
,,,,,,,,,,,,,,,,,,,,,,,,,,,,,,,,,,,,,,,,,,,,,,,,
,,,,,,,,,,,,,,,,,,,,,,,,,,,,,,,,,,,,,,,,,,,,,,,,
,,,,,,,,,,,,,,,,,,,,,,,,,,,,,,,,,,,,,,,,,,,,,,,,
,,,,,,,,,,,,,,,,,,,,,,,,,,,,,,,,,,,,,,,,,,,,,,,,
,,,,,,,,,,,,,,,,,,,,,,,,,,,,,,,,,,,,,,,,,,,,,,,,
,,,,,,,,,,,,,,,,,,,,,,,,,,,,,,,,,,,,,,,,,,,,,,,,
,,,,,,,,,,,,,,,,,,,,,,,,,,,,,,,,,,,,,,,,,,,,,,,,
,,,,,,,,,,,,,,,,,,,,,,,,,,,,,,,,,,,,,,,,,,,,,,,,
,,,,,,,,,,,,,,,,,,,,,,,,,,,,,,,,,,,,,,,,,,,,,,,,
,,,,,,,,,,,,,,,,,,,,,,,,,,,,,,,,,,,,,,,,,,,,,,,,
,,,,,,,,,,,,,,,,,,,,,,,,,,,,,,,,,,,,,,,,,,,,,,,,
,,,,,,,,,,,,,,,,,,,,,,,,,,,,,,,,,,,,,,,,,,,,,,,,
,,,,,,,,,,,,,,,,,,,,,,,,,,,,,,,,,,,,,,,,,,,,,,,,
,,,,,,,,,,,,,,,,,,,,,,,,,,,,,,,,,,,,,,,,,,,,,,,,
,,,,,,,,,,,,,,,,,,,,,,,,,,,,,,,,,,,,,,,,,,,,,,,,
,,,,,,,,,,,,,,,,,,,,,,,,,,,,,,,,,,,,,,,,,,,,,,,,
,,,,,,,,,,,,,,,,,,,,,,,,,,,,,,,,,,,,,,,,,,,,,,,,
,,,,,,,,,,,,,,,,,,,,,,,,,,,,,,,,,,,,,,,,,,,,,,,,
,,,,,,,,,,,,,,,,,,,,,,,,,,,,,,,,,,,,,,,,,,,,,,,,
,,,,,,,,,,,,,,,,,,,,,,,,,,,,,,,,,,,,,,,,,,,,,,,,
,,,,,,,,,,,,,,,,,,,,,,,,,,,,,,,,,,,,,,,,,,,,,,,,
,,,,,,,,,,,,,,,,,,,,,,,,,,,,,,,,,,,,,,,,,,,,,,,,
,,,,,,,,,,,,,,,,,,,,,,,,,,,,,,,,,,,,,,,,,,,,,,,,
,,,,,,,,,,,,,,,,,,,,,,,,,,,,,,,,,,,,,,,,,,,,,,,,
,,,,,,,,,,,,,,,,,,,,,,,,,,,,,,,,,,,,,,,,,,,,,,,,
,,,,,,,,,,,,,,,,,,,,,,,,,,,,,,,,,,,,,,,,,,,,,,,,
,,,,,,,,,,,,,,,,,,,,,,,,,,,,,,,,,,,,,,,,,,,,,,,,
,,,,,,,,,,,,,,,,,,,,,,,,,,,,,,,,,,,,,,,,,,,,,,,,
,,,,,,,,,,,,,,,,,,,,,,,,,,,,,,,,,,,,,,,,,,,,,,,,
,,,,,,,,,,,,,,,,,,,,,,,,,,,,,,,,,,,,,,,,,,,,,,,,
,,,,,,,,,,,,,,,,,,,,,,,,,,,,,,,,,,,,,,,,,,,,,,,,
,,,,,,,,,,,,,,,,,,,,,,,,,,,,,,,,,,,,,,,,,,,,,,,,
,,,,,,,,,,,,,,,,,,,,,,,,,,,,,,,,,,,,,,,,,,,,,,,,
,,,,,,,,,,,,,,,,,,,,,,,,,,,,,,,,,,,,,,,,,,,,,,,,
,,,,,,,,,,,,,,,,,,,,,,,,,,,,,,,,,,,,,,,,,,,,,,,,
,,,,,,,,,,,,,,,,,,,,,,,,,,,,,,,,,,,,,,,,,,,,,,,,
,,,,,,,,,,,,,,,,,,,,,,,,,,,,,,,,,,,,,,,,,,,,,,,,
,,,,,,,,,,,,,,,,,,,,,,,,,,,,,,,,,,,,,,,,,,,,,,,,
,,,,,,,,,,,,,,,,,,,,,,,,,,,,,,,,,,,,,,,,,,,,,,,,
,,,,,,,,,,,,,,,,,,,,,,,,,,,,,,,,,,,,,,,,,,,,,,,,
,,,,,,,,,,,,,,,,,,,,,,,,,,,,,,,,,,,,,,,,,,,,,,,,
,,,,,,,,,,,,,,,,,,,,,,,,,,,,,,,,,,,,,,,,,,,,,,,,
,,,,,,,,,,,,,,,,,,,,,,,,,,,,,,,,,,,,,,,,,,,,,,,,
,,,,,,,,,,,,,,,,,,,,,,,,,,,,,,,,,,,,,,,,,,,,,,,,
,,,,,,,,,,,,,,,,,,,,,,,,,,,,,,,,,,,,,,,,,,,,,,,,
,,,,,,,,,,,,,,,,,,,,,,,,,,,,,,,,,,,,,,,,,,,,,,,,
,,,,,,,,,,,,,,,,,,,,,,,,,,,,,,,,,,,,,,,,,,,,,,,,
,,,,,,,,,,,,,,,,,,,,,,,,,,,,,,,,,,,,,,,,,,,,,,,,
,,,,,,,,,,,,,,,,,,,,,,,,,,,,,,,,,,,,,,,,,,,,,,,,
,,,,,,,,,,,,,,,,,,,,,,,,,,,,,,,,,,,,,,,,,,,,,,,,
,,,,,,,,,,,,,,,,,,,,,,,,,,,,,,,,,,,,,,,,,,,,,,,,
