Official name of position,internal naming per Disk,Module,flex cable,HubID,PC position phi,PC position Mirror,PC port,PC identifier,PC name,DCDC,DCDC J11/J12,DCDC channel,DCDC name,Filterboard module power ID,Filterboard module power,POH board,POH Bundle,POH SN,DOH bundle,DOH QR,DOH A/B,CCU,channel,PP0 Adapter/FED,PP0 Ad.Slot/FED,PP0 Adapter/FEC,PP0 Ad.Slot/FEC,internal POH no,POH fiber color,FED channel,FED position,FED receiver,FED ID,FEC/FED crate,FEC ID,FEC position,mfec,mfecchannel,HV group,nominal HV,old FED ID
FPix_BpI_D1_BLD11_PNL2_RNG1,1T,M-P-2-46,4083,15,1Ta,1TD,6,PR103,portcard_FPix_BpI_D1_PRT4,PB-10,J12,4,dcdc_FPix_BpI_D1_PRT4,Disk1_RG1,CI-A 053,P101,A21,SN112498/0029,B14,3.02E+13,A,0x7b,0x10,FPix +z down right 2,1,FPix +z down right 3,2,1,brown-4,31/32,7,b,1302,top,,10,1,1,D1-RG1-HV2,-300V,1286
FPix_BpI_D1_BLD10_PNL2_RNG1,2T,M-P-2-47,4070,14,1Ta,1TD,4,PR103,portcard_FPix_BpI_D1_PRT4,PB-10,J12,4,dcdc_FPix_BpI_D1_PRT4,Disk1_RG1,CI-A 053,P101,A20,SN112498/0026,B14,3.02E+13,A,0x7b,0x10,FPix +z down right 2,2,FPix +z down right 3,2,2,brown-4,7/8,7,t,1302,top,,10,1,1,D1-RG1-HV2,-300V,1286
FPix_BpI_D1_BLD9_PNL2_RNG1,3T,M-P-1-07,4081,13,1Ta,1TD,2,PR103,portcard_FPix_BpI_D1_PRT4,PB-10,J12,4,dcdc_FPix_BpI_D1_PRT4,Disk1_RG1,CI-A 053,P101,A19,SN112498/0002,B14,3.02E+13,A,0x7b,0x10,FPix +z down right 2,3,FPix +z down right 3,2,3,brown-4,31/32,6,b,1301,top,,10,1,1,D1-RG1-HV2,-300V,1285
FPix_BpI_D1_BLD8_PNL2_RNG1,4T,M-P-5-45,4078,15,1Tb,1TC,6,PR105,portcard_FPix_BpI_D1_PRT3,PB-2,J12,4,dcdc_FPix_BpI_D1_PRT3,Disk1_RG2,CI-A 040,P102,A17,SN112498/0037,B14,3.02E+13,B,0x7c,0x10,FPix +z down right 2,5,FPix +z down right 3,2,5,orange-2,27/28,5,b,1300,top,,10,1,2,D1-RG2-HV2,-300V,1284
FPix_BpI_D1_BLD7_PNL2_RNG1,5T,M-P-6-33,4085,14,1Tb,1TC,2,PR105,portcard_FPix_BpI_D1_PRT3,PB-2,J12,4,dcdc_FPix_BpI_D1_PRT3,Disk1_RG2,CI-A 040,P102,B15,SN112498/0006,B14,3.02E+13,B,0x7c,0x10,FPix +z down right 3,1,FPix +z down right 3,2,7,orange-2,27/28,4,b,1299,top,,10,1,2,D1-RG2-HV2,-300V,1283
FPix_BpI_D1_BLD6_PNL2_RNG1,6T,M-P-4-20,6144,15,1Tc,1TB,6,PR108,portcard_FPix_BpI_D1_PRT2,PB-48,J12,4,dcdc_FPix_BpI_D1_PRT2,Disk1_RG3,CI-A 028,P96,C7,SN112498/0010,C10,3.02E+13,A,0x7e,0x10,FPix +z up right 6,1,FPix +z up right 6,4,8,brown-4,7/8,4,t,1299,top,,9,1,1,D1-RG3-HV2,-300V,1283
FPix_BpI_D1_BLD5_PNL2_RNG1,7T,M-P-2-27,4079,14,1Tc,1TB,4,PR108,portcard_FPix_BpI_D1_PRT2,PB-48,J12,4,dcdc_FPix_BpI_D1_PRT2,Disk1_RG3,CI-A 028,P96,C6,SN112498/0009,C10,3.02E+13,A,0x7e,0x10,FPix +z up right 5,6,FPix +z up right 6,4,9,brown-4,31/32,3,b,1298,top,,9,1,1,D1-RG3-HV2,-300V,1282
FPix_BpI_D1_BLD4_PNL2_RNG1,8T,M-G-2-13,4072,13,1Tc,1TB,2,PR108,portcard_FPix_BpI_D1_PRT2,PB-48,J12,4,dcdc_FPix_BpI_D1_PRT2,Disk1_RG3,CI-A 028,P96,D5,SN112498/0008,C10,3.02E+13,A,0x7e,0x10,FPix +z up right 5,5,FPix +z up right 6,4,10,brown-4,7/8,3,t,1298,top,,9,1,1,D1-RG3-HV2,-300V,1282
FPix_BpI_D1_BLD3_PNL2_RNG1,9T,M-P-5-17,6254,15,1Td,1TA,6,PR106,portcard_FPix_BpI_D1_PRT1,PB-27,J12,4,dcdc_FPix_BpI_D1_PRT1,Disk1_RG4,CI-A 042,P119,D3,SN112498/0031,C10,3.02E+13,B,0x7d,0x10,FPix +z up right 5,3,FPix +z up right 6,4,12,orange-2,3/4,2,t,1297,top,,9,1,2,D1-RG4-HV2,-300V,1281
FPix_BpI_D1_BLD2_PNL2_RNG1,10T,M-Q-6-06,6149,14,1Td,1TA,4,PR106,portcard_FPix_BpI_D1_PRT1,PB-27,J12,4,dcdc_FPix_BpI_D1_PRT1,Disk1_RG4,CI-A 042,P119,D2,SN112498/0030,C10,3.02E+13,B,0x7d,0x10,FPix +z up right 5,2,FPix +z up right 6,4,13,orange-2,27/28,1,b,1296,top,,9,1,2,D1-RG4-HV2,-300V,1280
FPix_BpI_D1_BLD1_PNL2_RNG1,11T,M-P-2-40,4066,13,1Td,1TA,2,PR106,portcard_FPix_BpI_D1_PRT1,PB-27,J12,4,dcdc_FPix_BpI_D1_PRT1,Disk1_RG4,CI-A 042,P119,D1,SN112498/0036,C10,3.02E+13,B,0x7d,0x10,FPix +z up right 5,1,FPix +z up right 6,4,14,orange-2,3/4,1,t,1296,top,,9,1,2,D1-RG4-HV2,-300V,1280
FPix_BpI_D1_BLD11_PNL1_RNG1,1B,M-Q-9-45,6174,12,1Ba,1BD,6,PR003,portcard_FPix_BpI_D1_PRT4,PB-10,J11,2,dcdc_FPix_BpI_D1_PRT4,Disk1_RG1,CI-A 053,P76,A21,SN112498/0029,B14,3.02E+13,A,0x7b,0x10,FPix +z down right 2,1,FPix +z down right 3,2,1,green-3,29/30,7,b,1302,top,,10,1,1,D1-RG1-HV2,-300V,1286
FPix_BpI_D1_BLD10_PNL1_RNG1,2B,M-Q-9-25,6202,11,1Ba,1BD,4,PR003,portcard_FPix_BpI_D1_PRT4,PB-10,J11,2,dcdc_FPix_BpI_D1_PRT4,Disk1_RG1,CI-A 053,P76,A20,SN112498/0026,B14,3.02E+13,A,0x7b,0x10,FPix +z down right 2,2,FPix +z down right 3,2,2,green-3,5/6,7,t,1302,top,,10,1,1,D1-RG1-HV2,-300V,1286
FPix_BpI_D1_BLD9_PNL1_RNG1,3B,M-G-1-23,4073,10,1Ba,1BD,2,PR003,portcard_FPix_BpI_D1_PRT4,PB-10,J11,2,dcdc_FPix_BpI_D1_PRT4,Disk1_RG1,CI-A 053,P76,A19,SN112498/0002,B14,3.02E+13,A,0x7b,0x10,FPix +z down right 2,3,FPix +z down right 3,2,3,green-3,29/30,6,b,1301,top,,10,1,1,D1-RG1-HV2,-300V,1285
FPix_BpI_D1_BLD8_PNL1_RNG1,4B,M-Q-A-44,6173,13,1Bb,1BC,6,PR013,portcard_FPix_BpI_D1_PRT3,PB-2,J11,2,dcdc_FPix_BpI_D1_PRT3,Disk1_RG2,CI-A 040,P78,A17,SN112498/0037,B14,3.02E+13,B,0x7c,0x10,FPix +z down right 2,5,FPix +z down right 3,2,5,blue-1,25/26,5,b,1300,top,,10,1,2,D1-RG2-HV2,-300V,1284
FPix_BpI_D1_BLD7_PNL1_RNG1,5B,M-Q-8-17,4075,12,1Bb,1BC,2,PR013,portcard_FPix_BpI_D1_PRT3,PB-2,J11,2,dcdc_FPix_BpI_D1_PRT3,Disk1_RG2,CI-A 040,P78,B15,SN112498/0006,B14,3.02E+13,B,0x7c,0x10,FPix +z down right 3,1,FPix +z down right 3,2,7,blue-1,25/26,4,b,1299,top,,10,1,2,D1-RG2-HV2,-300V,1283
FPix_BpI_D1_BLD6_PNL1_RNG1,6B,M-Q-6-25,4077,12,1Bc,1BB,6,PR108,portcard_FPix_BpI_D1_PRT2,PB-48,J11,2,dcdc_FPix_BpI_D1_PRT2,Disk1_RG3,CI-A 028,P62,C7,SN112498/0010,C10,3.02E+13,A,0x7e,0x10,FPix +z up right 6,1,FPix +z up right 6,4,8,green-3,5/6,4,t,1299,top,,9,1,1,D1-RG3-HV2,-300V,1283
FPix_BpI_D1_BLD5_PNL1_RNG1,7B,M-Q-6-33,4074,11,1Bc,1BB,4,PR108,portcard_FPix_BpI_D1_PRT2,PB-48,J11,2,dcdc_FPix_BpI_D1_PRT2,Disk1_RG3,CI-A 028,P62,C6,SN112498/0009,C10,3.02E+13,A,0x7e,0x10,FPix +z up right 5,6,FPix +z up right 6,4,9,green-3,29/30,3,b,1298,top,,9,1,1,D1-RG3-HV2,-300V,1282
FPix_BpI_D1_BLD4_PNL1_RNG1,8B,M-Q-7-18,6207,0,1Bc,1BB,2,PR108,portcard_FPix_BpI_D1_PRT2,PB-48,J11,2,dcdc_FPix_BpI_D1_PRT2,Disk1_RG3,CI-A 028,P62,D5,SN112498/0008,C10,3.02E+13,A,0x7e,0x10,FPix +z up right 5,5,FPix +z up right 6,4,10,green-3,5/6,3,t,1298,top,,9,1,1,D1-RG3-HV2,-300V,1282
FPix_BpI_D1_BLD3_PNL1_RNG1,9B,M-Q-6-46,6224,12,1Bd,1BA,6,PR106,portcard_FPix_BpI_D1_PRT1,PB-27,J11,2,dcdc_FPix_BpI_D1_PRT1,Disk1_RG4,CI-A 042,P71,D3,SN112498/0031,C10,3.02E+13,B,0x7d,0x10,FPix +z up right 5,3,FPix +z up right 6,4,12,blue-1,1/2,2,t,1297,top,,9,1,2,D1-RG4-HV2,-300V,1281
FPix_BpI_D1_BLD2_PNL1_RNG1,10B,M-Q-6-16,4105W,11,1Bd,1BA,4,PR106,portcard_FPix_BpI_D1_PRT1,PB-27,J11,2,dcdc_FPix_BpI_D1_PRT1,Disk1_RG4,CI-A 042,P71,D2,SN112498/0030,C10,3.02E+13,B,0x7d,0x10,FPix +z up right 5,2,FPix +z up right 6,4,13,blue-1,25/26,1,b,1296,top,,9,1,2,D1-RG4-HV2,-300V,1280
FPix_BpI_D1_BLD1_PNL1_RNG1,11B,M-Q-4-18,6210,10,1Bd,1BA,2,PR106,portcard_FPix_BpI_D1_PRT1,PB-27,J11,2,dcdc_FPix_BpI_D1_PRT1,Disk1_RG4,CI-A 042,P71,D1,SN112498/0036,C10,3.02E+13,B,0x7d,0x10,FPix +z up right 5,1,FPix +z up right 6,4,14,blue-1,1/2,1,t,1296,top,,9,1,2,D1-RG4-HV2,-300V,1280
FPix_BpI_D1_BLD17_PNL2_RNG2,1T,M-H-1-36,4143,9,1Ta,1TD,7,PR103,portcard_FPix_BpI_D1_PRT4,PB-10,J12,3,dcdc_FPix_BpI_D1_PRT4,Disk1_RG1,CI-A 053,P101,A21,SN112498/0029,B14,3.02E+13,A,0x7b,0x10,FPix +z down right 2,1,FPix +z down right 3,2,1,orange-2,27/28,7,b,1302,top,,10,1,1,D1-RG1-HV1,,1286
FPix_BpI_D1_BLD16_PNL2_RNG2,2T,M-P-2-18,6151,8,1Ta,1TD,5,PR103,portcard_FPix_BpI_D1_PRT4,PB-10,J12,3,dcdc_FPix_BpI_D1_PRT4,Disk1_RG1,CI-A 053,P101,A20,SN112498/0026,B14,3.02E+13,A,0x7b,0x10,FPix +z down right 2,2,FPix +z down right 3,2,2,orange-2,3/4,7,t,1302,top,,10,1,1,D1-RG1-HV1,,1286
FPix_BpI_D1_BLD15_PNL2_RNG2,3T,M-Q-8-47,4146,7,1Ta,1TD,3,PR103,portcard_FPix_BpI_D1_PRT4,PB-10,J12,3,dcdc_FPix_BpI_D1_PRT4,Disk1_RG1,CI-A 053,P101,A19,SN112498/0002,B14,3.02E+13,A,0x7b,0x10,FPix +z down right 2,3,FPix +z down right 3,2,3,orange-2,27/28,6,b,1301,top,,10,1,1,D1-RG1-HV1,,1285
FPix_BpI_D1_BLD14_PNL2_RNG2,4T,M-P-4-41,4135B,6,1Ta,1TD,1,PR103,portcard_FPix_BpI_D1_PRT4,PB-10,J12,3,dcdc_FPix_BpI_D1_PRT4,Disk1_RG1,CI-A 053,P101,A18,SN112498/0003,B14,3.02E+13,A,0x7b,0x10,FPix +z down right 2,4,FPix +z down right 3,2,4,orange-2,3/4,6,t,1301,top,,10,1,1,D1-RG1-HV1,,1285
FPix_BpI_D1_BLD13_PNL2_RNG2,5T,M-P-2-06,4158,11,1Tb,1TC,7,PR105,portcard_FPix_BpI_D1_PRT3,PB-2,J12,3,dcdc_FPix_BpI_D1_PRT3,Disk1_RG2,CI-A 040,P102,A18,SN112498/0003,B14,3.02E+13,B,0x7c,0x10,FPix +z down right 2,4,FPix +z down right 3,2,4,brown-4,7/8,6,t,1301,top,,10,1,2,D1-RG2-HV1,,1285
FPix_BpI_D1_BLD12_PNL2_RNG2,6T,M-J-1-08,4175,10,1Tb,1TC,5,PR105,portcard_FPix_BpI_D1_PRT3,PB-2,J12,3,dcdc_FPix_BpI_D1_PRT3,Disk1_RG2,CI-A 040,P102,A17,SN112498/0037,B14,3.02E+13,B,0x7c,0x10,FPix +z down right 2,5,FPix +z down right 3,2,5,brown-4,31/32,5,b,1300,top,,10,1,2,D1-RG2-HV1,,1284
FPix_BpI_D1_BLD11_PNL2_RNG2,7T,M-G-3-16,4176,9,1Tb,1TC,4,PR105,portcard_FPix_BpI_D1_PRT3,PB-2,J12,4,dcdc_FPix_BpI_D1_PRT3,Disk1_RG2,CI-A 040,P102,B16,SN112498/0005,B14,3.02E+13,B,0x7c,0x10,FPix +z down right 2,6,FPix +z down right 3,2,6,orange-2,3/4,5,t,1300,top,,10,1,2,D1-RG2-HV1,,1284
FPix_BpI_D1_BLD10_PNL2_RNG2,8T,M-P-2-15,4131B,8,1Tb,1TC,3,PR105,portcard_FPix_BpI_D1_PRT3,PB-2,J12,3,dcdc_FPix_BpI_D1_PRT3,Disk1_RG2,CI-A 040,P102,B16,SN112498/0005,B14,3.02E+13,B,0x7c,0x10,FPix +z down right 2,6,FPix +z down right 3,2,6,brown-4,7/8,5,t,1300,top,,10,1,2,D1-RG2-HV1,,1284
FPix_BpI_D1_BLD9_PNL2_RNG2,9T,M-O-3-30,4137,7,1Tb,1TC,1,PR105,portcard_FPix_BpI_D1_PRT3,PB-2,J12,3,dcdc_FPix_BpI_D1_PRT3,Disk1_RG2,CI-A 040,P102,B15,SN112498/0006,B14,3.02E+13,B,0x7c,0x10,FPix +z down right 3,1,FPix +z down right 3,2,7,brown-4,31/32,4,b,1299,top,,10,1,2,D1-RG2-HV1,,1283
FPix_BpI_D1_BLD8_PNL2_RNG2,10T,M-L-2-29,4178,9,1Tc,1TB,7,PR108,portcard_FPix_BpI_D1_PRT2,PB-48,J12,3,dcdc_FPix_BpI_D1_PRT2,Disk1_RG3,CI-A 028,P96,C7,SN112498/0010,C10,3.02E+13,A,0x7e,0x10,FPix +z up right 6,1,FPix +z up right 6,4,8,orange-2,3/4,4,t,1299,top,,9,1,1,D1-RG3-HV1,,1283
FPix_BpI_D1_BLD7_PNL2_RNG2,11T,M-J-4-26,6199,8,1Tc,1TB,5,PR108,portcard_FPix_BpI_D1_PRT2,PB-48,J12,3,dcdc_FPix_BpI_D1_PRT2,Disk1_RG3,CI-A 028,P96,C6,SN112498/0009,C10,3.02E+13,A,0x7e,0x10,FPix +z up right 5,6,FPix +z up right 6,4,9,orange-2,27/28,3,b,1298,top,,9,1,1,D1-RG3-HV1,,1282
FPix_BpI_D1_BLD6_PNL2_RNG2,12T,M-I-2-02,4164,7,1Tc,1TB,3,PR108,portcard_FPix_BpI_D1_PRT2,PB-48,J12,3,dcdc_FPix_BpI_D1_PRT2,Disk1_RG3,CI-A 028,P96,D5,SN112498/0008,C10,3.02E+13,A,0x7e,0x10,FPix +z up right 5,5,FPix +z up right 6,4,10,orange-2,3/4,3,t,1298,top,,9,1,1,D1-RG3-HV1,,1282
FPix_BpI_D1_BLD5_PNL2_RNG2,13T,M-Y-H-NT,4171,6,1Tc,1TB,1,PR108,portcard_FPix_BpI_D1_PRT2,PB-48,J12,3,dcdc_FPix_BpI_D1_PRT2,Disk1_RG3,CI-A 028,P96,D4,SN112498/0040,C10,3.02E+13,A,0x7e,0x10,FPix +z up right 5,4,FPix +z up right 6,4,11,orange-2,27/28,2,b,1297,top,,9,1,1,D1-RG3-HV1,,1281
FPix_BpI_D1_BLD4_PNL2_RNG2,14T,M-M-4-42,4121B,9,1Td,1TA,7,PR106,portcard_FPix_BpI_D1_PRT1,PB-27,J12,3,dcdc_FPix_BpI_D1_PRT1,Disk1_RG4,CI-A 042,P119,D4,SN112498/0040,C10,3.02E+13,B,0x7d,0x10,FPix +z up right 5,4,FPix +z up right 6,4,11,brown-4,31/32,2,b,1297,top,,9,1,2,D1-RG4-HV1,,1281
FPix_BpI_D1_BLD3_PNL2_RNG2,15T,M-I-4-50,4122B,8,1Td,1TA,5,PR106,portcard_FPix_BpI_D1_PRT1,PB-27,J12,3,dcdc_FPix_BpI_D1_PRT1,Disk1_RG4,CI-A 042,P119,D3,SN112498/0031,C10,3.02E+13,B,0x7d,0x10,FPix +z up right 5,3,FPix +z up right 6,4,12,brown-4,7/8,2,t,1297,top,,9,1,2,D1-RG4-HV1,,1281
FPix_BpI_D1_BLD2_PNL2_RNG2,16T,M-P-1-40,4140,7,1Td,1TA,3,PR106,portcard_FPix_BpI_D1_PRT1,PB-27,J12,3,dcdc_FPix_BpI_D1_PRT1,Disk1_RG4,CI-A 042,P119,D2,SN112498/0030,C10,3.02E+13,B,0x7d,0x10,FPix +z up right 5,2,FPix +z up right 6,4,13,brown-4,31/32,1,b,1296,top,,9,1,2,D1-RG4-HV1,,1280
FPix_BpI_D1_BLD1_PNL2_RNG2,17T,M-I-4-14,4128B,6,1Td,1TA,1,PR106,portcard_FPix_BpI_D1_PRT1,PB-27,J12,3,dcdc_FPix_BpI_D1_PRT1,Disk1_RG4,CI-A 042,P119,D1,SN112498/0036,C10,3.02E+13,B,0x7d,0x10,FPix +z up right 5,1,FPix +z up right 6,4,14,brown-4,7/8,1,t,1296,top,,9,1,2,D1-RG4-HV1,,1280
FPix_BpI_D1_BLD17_PNL1_RNG2,1B,M-P-5-33,4162,5,1Ba,1BD,7,PR003,portcard_FPix_BpI_D1_PRT4,PB-10,J11,1,dcdc_FPix_BpI_D1_PRT4,Disk1_RG1,CI-A 053,P76,A21,SN112498/0029,B14,3.02E+13,A,0x7b,0x10,FPix +z down right 2,1,FPix +z down right 3,2,1,blue-1,25/26,7,b,1302,top,,10,1,1,D1-RG1-HV1,,1286
FPix_BpI_D1_BLD16_PNL1_RNG2,2B,M-O-1-08,4174,4,1Ba,1BD,5,PR003,portcard_FPix_BpI_D1_PRT4,PB-10,J11,1,dcdc_FPix_BpI_D1_PRT4,Disk1_RG1,CI-A 053,P76,A20,SN112498/0026,B14,3.02E+13,A,0x7b,0x10,FPix +z down right 2,2,FPix +z down right 3,2,2,blue-1,1/2,7,t,1302,top,,10,1,1,D1-RG1-HV1,,1286
FPix_BpI_D1_BLD15_PNL1_RNG2,3B,M-I-1-36,4168,3,1Ba,1BD,3,PR003,portcard_FPix_BpI_D1_PRT4,PB-10,J11,1,dcdc_FPix_BpI_D1_PRT4,Disk1_RG1,CI-A 053,P76,A19,SN112498/0002,B14,3.02E+13,A,0x7b,0x10,FPix +z down right 2,3,FPix +z down right 3,2,3,blue-1,25/26,6,b,1301,top,,10,1,1,D1-RG1-HV1,,1285
FPix_BpI_D1_BLD14_PNL1_RNG2,4B,M-O-1-20,4184,2,1Ba,1BD,1,PR003,portcard_FPix_BpI_D1_PRT4,PB-10,J11,1,dcdc_FPix_BpI_D1_PRT4,Disk1_RG1,CI-A 053,P76,A18,SN112498/0003,B14,3.02E+13,A,0x7b,0x10,FPix +z down right 2,4,FPix +z down right 3,2,4,blue-1,1/2,6,t,1301,top,,10,1,1,D1-RG1-HV1,,1285
FPix_BpI_D1_BLD13_PNL1_RNG2,5B,M-K-1-20,4161,6,1Bb,1BC,7,PR013,portcard_FPix_BpI_D1_PRT3,PB-2,J11,1,dcdc_FPix_BpI_D1_PRT3,Disk1_RG2,CI-A 040,P78,A18,SN112498/0003,B14,3.02E+13,B,0x7c,0x10,FPix +z down right 2,4,FPix +z down right 3,2,4,green-3,5/6,6,t,1301,top,,10,1,2,D1-RG2-HV1,,1285
FPix_BpI_D1_BLD12_PNL1_RNG2,6B,M-K-2-32,4163,5,1Bb,1BC,5,PR013,portcard_FPix_BpI_D1_PRT3,PB-2,J11,1,dcdc_FPix_BpI_D1_PRT3,Disk1_RG2,CI-A 040,P78,A17,SN112498/0037,B14,3.02E+13,B,0x7c,0x10,FPix +z down right 2,1,FPix +z down right 3,2,5,green-3,29/30,5,b,1300,top,,10,1,2,D1-RG2-HV1,,1284
FPix_BpI_D1_BLD11_PNL1_RNG2,7B,M-Y-E-NF,4185,4,1Bb,1BC,4,PR013,portcard_FPix_BpI_D1_PRT3,PB-2,J11,2,dcdc_FPix_BpI_D1_PRT3,Disk1_RG2,CI-A 040,P78,B16,SN112498/0005,B14,3.02E+13,B,0x7c,0x10,FPix +z down right 2,2,FPix +z down right 3,2,6,blue-1,1/2,5,t,1300,top,,10,1,2,D1-RG2-HV1,,1284
FPix_BpI_D1_BLD10_PNL1_RNG2,8B,M-L-2-40,6195,3,1Bb,1BC,3,PR013,portcard_FPix_BpI_D1_PRT3,PB-2,J11,1,dcdc_FPix_BpI_D1_PRT3,Disk1_RG2,CI-A 040,P78,B16,SN112498/0005,B14,3.02E+13,B,0x7c,0x10,FPix +z down right 2,2,FPix +z down right 3,2,6,green-3,5/6,5,t,1300,top,,10,1,2,D1-RG2-HV1,,1284
FPix_BpI_D1_BLD9_PNL1_RNG2,9B,M-I-3-41,4123B,2,1Bb,1BC,1,PR013,portcard_FPix_BpI_D1_PRT3,PB-2,J11,1,dcdc_FPix_BpI_D1_PRT3,Disk1_RG2,CI-A 040,P78,B15,SN112498/0006,B14,3.02E+13,B,0x7c,0x10,FPix +z down right 3,3,FPix +z down right 3,2,7,green-3,29/30,4,b,1299,top,,10,1,2,D1-RG2-HV1,,1283
FPix_BpI_D1_BLD8_PNL1_RNG2,10B,M-G-1-44,4167,5,1Bc,1BB,7,PR108,portcard_FPix_BpI_D1_PRT2,PB-48,J11,1,dcdc_FPix_BpI_D1_PRT2,Disk1_RG3,CI-A 028,P62,C7,SN112498/0010,C10,3.02E+13,A,0x7e,0x10,FPix +z up right 6,1,FPix +z up right 6,4,8,blue-1,1/2,4,t,1299,top,,9,1,1,D1-RG3-HV1,,1283
FPix_BpI_D1_BLD7_PNL1_RNG2,11B,M-N-3-46,4166,4,1Bc,1BB,5,PR108,portcard_FPix_BpI_D1_PRT2,PB-48,J11,1,dcdc_FPix_BpI_D1_PRT2,Disk1_RG3,CI-A 028,P62,C6,SN112498/0009,C10,3.02E+13,A,0x7e,0x10,FPix +z up right 5,6,FPix +z up right 6,4,9,blue-1,25/26,3,b,1298,top,,9,1,1,D1-RG3-HV1,,1282
FPix_BpI_D1_BLD6_PNL1_RNG2,12B,M-J-3-25,4132B,3,1Bc,1BB,3,PR108,portcard_FPix_BpI_D1_PRT2,PB-48,J11,1,dcdc_FPix_BpI_D1_PRT2,Disk1_RG3,CI-A 028,P62,D5,SN112498/0008,C10,3.02E+13,A,0x7e,0x10,FPix +z up right 5,5,FPix +z up right 6,4,10,blue-1,1/2,3,t,1298,top,,9,1,1,D1-RG3-HV1,,1282
FPix_BpI_D1_BLD5_PNL1_RNG2,13B,M-P-5-21,4180,2,1Bc,1BB,1,PR108,portcard_FPix_BpI_D1_PRT2,PB-48,J11,1,dcdc_FPix_BpI_D1_PRT2,Disk1_RG3,CI-A 028,P62,D4,SN112498/0040,C10,3.02E+13,A,0x7e,0x10,FPix +z up right 5,4,FPix +z up right 6,4,11,blue-1,25/26,2,b,1297,top,,9,1,1,D1-RG3-HV1,,1281
FPix_BpI_D1_BLD4_PNL1_RNG2,14B,M-P-1-12,4170,5,1Bd,1BA,7,PR106,portcard_FPix_BpI_D1_PRT1,PB-27,J11,1,dcdc_FPix_BpI_D1_PRT1,Disk1_RG4,CI-A 042,P71,D4,SN112498/0040,C10,3.02E+13,B,0x7d,0x10,FPix +z up right 5,4,FPix +z up right 6,4,11,green-3,29/30,2,b,1297,top,,9,1,2,D1-RG4-HV1,,1281
FPix_BpI_D1_BLD3_PNL1_RNG2,15B,M-L-4-16,4124B,4,1Bd,1BA,5,PR106,portcard_FPix_BpI_D1_PRT1,PB-27,J11,1,dcdc_FPix_BpI_D1_PRT1,Disk1_RG4,CI-A 042,P71,D3,SN112498/0031,C10,3.02E+13,B,0x7d,0x10,FPix +z up right 5,3,FPix +z up right 6,4,12,green-3,5/6,2,t,1297,top,,9,1,2,D1-RG4-HV1,,1281
FPix_BpI_D1_BLD2_PNL1_RNG2,16B,M-L-2-39,4169,3,1Bd,1BA,3,PR106,portcard_FPix_BpI_D1_PRT1,PB-27,J11,1,dcdc_FPix_BpI_D1_PRT1,Disk1_RG4,CI-A 042,P71,D2,SN112498/0030,C10,3.02E+13,B,0x7d,0x10,FPix +z up right 5,2,FPix +z up right 6,4,13,green-3,29/30,1,b,1296,top,,9,1,2,D1-RG4-HV1,,1280
FPix_BpI_D1_BLD1_PNL1_RNG2,17B,M-L-4-42,4129B,2,1Bd,1BA,1,PR106,portcard_FPix_BpI_D1_PRT1,PB-27,J11,1,dcdc_FPix_BpI_D1_PRT1,Disk1_RG4,CI-A 042,P71,D1,SN112498/0036,C10,3.02E+13,B,0x7d,0x10,FPix +z up right 5,1,FPix +z up right 6,4,14,green-3,5/6,1,t,1296,top,,9,1,2,D1-RG4-HV1,,1280
,,,,,,,,,,,,,,,,,,,,,,,,,,,,,,,,,,,,,,,,,
FPix_BpI_D2_BLD11_PNL2_RNG1,1T,M-Q-6-11,4312,15,2Ta,2TD,6,PR104,portcard_FPix_BpI_D2_PRT4,PB-17,J12,4,dcdc_FPix_BpI_D2_PRT4,Disk2_RG1,CI-A 046,P49,A21,SN112498/0029,B13,3.02E+13,A,0x7b,0x11,FPix +z down right 2,1,FPix +z down right 3,3,1,black-8,39/40,7,b,1302,top,,10,2,1,D2-RG1-HV2,,1286
FPix_BpI_D2_BLD10_PNL2_RNG1,2T,M-Y-D-NM,4337,14,2Ta,2TD,4,PR104,portcard_FPix_BpI_D2_PRT4,PB-17,J12,4,dcdc_FPix_BpI_D2_PRT4,Disk2_RG1,CI-A 046,P49,A20,SN112498/0026,B13,3.02E+13,A,0x7b,0x11,FPix +z down right 2,2,FPix +z down right 3,3,2,black-8,15/16,7,t,1302,top,,10,2,1,D2-RG1-HV2,,1286
FPix_BpI_D2_BLD9_PNL2_RNG1,3T,M-Q-1-22,4311,13,2Ta,2TD,2,PR104,portcard_FPix_BpI_D2_PRT4,PB-17,J12,4,dcdc_FPix_BpI_D2_PRT4,Disk2_RG1,CI-A 046,P49,A19,SN112498/0002,B13,3.02E+13,A,0x7b,0x11,FPix +z down right 2,3,FPix +z down right 3,3,3,black-8,39/40,6,b,1301,top,,10,2,1,D2-RG1-HV2,,1285
FPix_BpI_D2_BLD8_PNL2_RNG1,4T,M-P-3-10,4316,15,2Tb,2TC,6,PR110,portcard_FPix_BpI_D2_PRT3,PB-15,J12,4,dcdc_FPix_BpI_D2_PRT3,Disk2_RG2,CI-A 058,P75,A17,SN112498/0037,B13,3.02E+13,B,0x7c,0x11,FPix +z down right 2,5,FPix +z down right 3,3,5,white-6,35/36,5,b,1300,top,,10,2,2,D2-RG2-HV2,,1284
FPix_BpI_D2_BLD7_PNL2_RNG1,5T,M-Y-D-NV,4328,14,2Tb,2TC,2,PR110,portcard_FPix_BpI_D2_PRT3,PB-15,J12,4,dcdc_FPix_BpI_D2_PRT3,Disk2_RG2,CI-A 058,P75,B15,SN112498/0006,B13,3.02E+13,B,0x7c,0x11,FPix +z down right 3,1,FPix +z down right 3,3,7,white-6,35/36,4,b,1299,top,,10,2,2,D2-RG2-HV2,,1283
FPix_BpI_D2_BLD6_PNL2_RNG1,6T,M-Q-8-20,4133w,15,2Tc,2TB,6,PR102,portcard_FPix_BpI_D2_PRT2,PB-46,J12,4,dcdc_FPix_BpI_D2_PRT2,Disk2_RG3,CI-A 060,FP29,C7,SN112498/0010,C9,3.02E+13,A,0x7e,0x11,FPix +z up right 6,1,FPix +z up right 6,3,8,black-8,15/16,4,t,1299,top,,9,2,1,D2-RG3-HV2,,1283
FPix_BpI_D2_BLD5_PNL2_RNG1,7T,M-Q-6-19,4310,14,2Tc,2TB,4,PR102,portcard_FPix_BpI_D2_PRT2,PB-46,J12,4,dcdc_FPix_BpI_D2_PRT2,Disk2_RG3,CI-A 060,FP29,C6,SN112498/0009,C9,3.02E+13,A,0x7e,0x11,FPix +z up right 5,6,FPix +z up right 6,3,9,black-8,39/40,3,b,1298,top,,9,2,1,D2-RG3-HV2,,1282
FPix_BpI_D2_BLD4_PNL2_RNG1,8T,M-N-3-01,4307,13,2Tc,2TB,2,PR102,portcard_FPix_BpI_D2_PRT2,PB-46,J12,4,dcdc_FPix_BpI_D2_PRT2,Disk2_RG3,CI-A 060,FP29,D5,SN112498/0008,C9,3.02E+13,A,0x7e,0x11,FPix +z up right 5,5,FPix +z up right 6,3,10,black-8,15/16,3,t,1298,top,,9,2,1,D2-RG3-HV2,,1282
FPix_BpI_D2_BLD3_PNL2_RNG1,9T,M-I-4-34,4313,15,2Td,2TA,6,PR157,portcard_FPix_BpI_D2_PRT1,PB-32,J12,4,dcdc_FPix_BpI_D2_PRT1,Disk2_RG4,CI-A 052,FP18,D3,SN112498/0031,C9,3.02E+13,B,0x7d,0x11,FPix +z up right 5,3,FPix +z up right 6,3,12,white-6,11/12,2,t,1297,top,,9,2,2,D2-RG4-HV2,,1281
FPix_BpI_D2_BLD2_PNL2_RNG1,10T,M-I-3-04,4135w,14,2Td,2TA,4,PR157,portcard_FPix_BpI_D2_PRT1,PB-32,J12,4,dcdc_FPix_BpI_D2_PRT1,Disk2_RG4,CI-A 052,FP18,D2,SN112498/0030,C9,3.02E+13,B,0x7d,0x11,FPix +z up right 5,2,FPix +z up right 6,3,13,white-6,35/36,1,b,1296,top,,9,2,2,D2-RG4-HV2,,1280
FPix_BpI_D2_BLD1_PNL2_RNG1,11T,M-N-1-39,4314,13,2Td,2TA,2,PR157,portcard_FPix_BpI_D2_PRT1,PB-32,J12,4,dcdc_FPix_BpI_D2_PRT1,Disk2_RG4,CI-A 052,FP18,D1,SN112498/0036,C9,3.02E+13,B,0x7d,0x11,FPix +z up right 5,1,FPix +z up right 6,3,14,white-6,11/12,1,t,1296,top,,9,2,2,D2-RG4-HV2,,1280
FPix_BpI_D2_BLD11_PNL1_RNG1,1B,M-Q-8-03,4344,12,2Ba,2BD,6,PR004,portcard_FPix_BpI_D2_PRT4,PB-17,J11,2,dcdc_FPix_BpI_D2_PRT4,Disk2_RG1,CI-A 046,P104,A21,SN112498/0029,B13,3.02E+13,A,0x7b,0x11,FPix +z down right 2,1,FPix +z down right 3,3,1,red-7,37/38,7,b,1302,top,,10,2,1,D2-RG1-HV2,,1286
FPix_BpI_D2_BLD10_PNL1_RNG1,2B,M-P-1-04,4309,11,2Ba,2BD,4,PR004,portcard_FPix_BpI_D2_PRT4,PB-17,J11,2,dcdc_FPix_BpI_D2_PRT4,Disk2_RG1,CI-A 046,P104,A20,SN112498/0026,B13,3.02E+13,A,0x7b,0x11,FPix +z down right 2,2,FPix +z down right 3,3,2,red-7,13/14,7,t,1302,top,,10,2,1,D2-RG1-HV2,,1286
FPix_BpI_D2_BLD9_PNL1_RNG1,3B,M-P-5-18,4315,10,2Ba,2BD,2,PR004,portcard_FPix_BpI_D2_PRT4,PB-17,J11,2,dcdc_FPix_BpI_D2_PRT4,Disk2_RG1,CI-A 046,P104,A19,SN112498/0002,B13,3.02E+13,A,0x7b,0x11,FPix +z down right 2,3,FPix +z down right 3,3,3,red-7,37/38,6,b,1301,top,,10,2,1,D2-RG1-HV2,,1285
FPix_BpI_D2_BLD8_PNL1_RNG1,4B,M-P-6-50,4335,13,2Bb,2BC,6,PR053,portcard_FPix_BpI_D2_PRT3,PB-15,J11,2,dcdc_FPix_BpI_D2_PRT3,Disk2_RG2,CI-A 058,P90,A17,SN112498/0037,B13,3.02E+13,B,0x7c,0x11,FPix +z down right 2,5,FPix +z down right 3,3,5,gray-5,33/34,5,b,1300,top,,10,2,2,D2-RG2-HV2,,1284
FPix_BpI_D2_BLD7_PNL1_RNG1,5B,M-Q-4-20,6157,12,2Bb,2BC,2,PR053,portcard_FPix_BpI_D2_PRT3,PB-15,J11,2,dcdc_FPix_BpI_D2_PRT3,Disk2_RG2,CI-A 058,P90,B15,SN112498/0006,B13,3.02E+13,B,0x7c,0x11,FPix +z down right 3,1,FPix +z down right 3,3,7,gray-5,33/34,4,b,1299,top,,10,2,2,D2-RG2-HV2,,1283
FPix_BpI_D2_BLD6_PNL1_RNG1,6B,M-P-3-08,6171,12,2Bc,2BB,6,PR002,portcard_FPix_BpI_D2_PRT2,PB-46,J11,2,dcdc_FPix_BpI_D2_PRT2,Disk2_RG3,CI-A 060,P103,C7,SN112498/0010,C9,3.02E+13,A,0x7e,0x11,FPix +z up right 6,1,FPix +z up right 6,3,8,red-7,13/14,4,t,1299,top,,9,2,1,D2-RG3-HV2,,1283
FPix_BpI_D2_BLD5_PNL1_RNG1,7B,M-Q-2-43,4332,11,2Bc,2BB,4,PR002,portcard_FPix_BpI_D2_PRT2,PB-46,J11,2,dcdc_FPix_BpI_D2_PRT2,Disk2_RG3,CI-A 060,P103,C6,SN112498/0009,C9,3.02E+13,A,0x7e,0x11,FPix +z up right 5,6,FPix +z up right 6,3,9,red-7,37/38,3,b,1298,top,,9,2,1,D2-RG3-HV2,,1282
FPix_BpI_D2_BLD4_PNL1_RNG1,8B,M-I-3-31,4331,10,2Bc,2BB,2,PR002,portcard_FPix_BpI_D2_PRT2,PB-46,J11,2,dcdc_FPix_BpI_D2_PRT2,Disk2_RG3,CI-A 060,P103,D5,SN112498/0008,C9,3.02E+13,A,0x7e,0x11,FPix +z up right 5,5,FPix +z up right 6,3,10,red-7,13/14,3,t,1298,top,,9,2,1,D2-RG3-HV2,,1282
FPix_BpI_D2_BLD3_PNL1_RNG1,9B,M-P-1-16,4338,12,2Bd,2BA,6,PR057,portcard_FPix_BpI_D2_PRT1,PB-32,J11,2,dcdc_FPix_BpI_D2_PRT1,Disk2_RG4,CI-A 052,P100,D3,SN112498/0031,C9,3.02E+13,B,0x7d,0x11,FPix +z up right 5,3,FPix +z up right 6,3,12,gray-5,9/10,2,t,1297,top,,9,2,2,D2-RG4-HV2,,1281
FPix_BpI_D2_BLD2_PNL1_RNG1,10B,M-Q-3-24,4333,11,2Bd,2BA,4,PR057,portcard_FPix_BpI_D2_PRT1,PB-32,J11,2,dcdc_FPix_BpI_D2_PRT1,Disk2_RG4,CI-A 052,P100,D2,SN112498/0030,C9,3.02E+13,B,0x7d,0x11,FPix +z up right 5,2,FPix +z up right 6,3,13,gray-5,33/34,1,b,1296,top,,9,2,2,D2-RG4-HV2,,1280
FPix_BpI_D2_BLD1_PNL1_RNG1,11B,M-Q-7-37,4308,10,2Bd,2BA,2,PR057,portcard_FPix_BpI_D2_PRT1,PB-32,J11,2,dcdc_FPix_BpI_D2_PRT1,Disk2_RG4,CI-A 052,P100,D1,SN112498/0036,C9,3.02E+13,B,0x7d,0x11,FPix +z up right 5,1,FPix +z up right 6,3,14,gray-5,9/10,1,t,1296,top,,9,2,2,D2-RG4-HV2,,1280
FPix_BpI_D2_BLD17_PNL2_RNG2,1T,M-I-2-06,6131,9,2Ta,2TD,7,PR104,portcard_FPix_BpI_D2_PRT4,PB-17,J12,3,dcdc_FPix_BpI_D2_PRT4,Disk2_RG1,CI-A 046,P49,A21,SN112498/0029,B13,3.02E+13,A,0x7b,0x11,FPix +z down right 2,1,FPix +z down right 3,3,1,white-6,35/36,7,b,1302,top,,10,2,1,D2-RG1-HV1,,1286
FPix_BpI_D2_BLD16_PNL2_RNG2,2T,M-P-1-44,6222,8,2Ta,2TD,5,PR104,portcard_FPix_BpI_D2_PRT4,PB-17,J12,3,dcdc_FPix_BpI_D2_PRT4,Disk2_RG1,CI-A 046,P49,A20,SN112498/0026,B13,3.02E+13,A,0x7b,0x11,FPix +z down right 2,2,FPix +z down right 3,3,2,white-6,11/12,7,t,1302,top,,10,2,1,D2-RG1-HV1,,1286
FPix_BpI_D2_BLD15_PNL2_RNG2,3T,M-N-2-36,6132,7,2Ta,2TD,3,PR104,portcard_FPix_BpI_D2_PRT4,PB-17,J12,3,dcdc_FPix_BpI_D2_PRT4,Disk2_RG1,CI-A 046,P49,A19,SN112498/0002,B13,3.02E+13,A,0x7b,0x11,FPix +z down right 2,3,FPix +z down right 3,3,3,white-6,35/36,6,b,1301,top,,10,2,1,D2-RG1-HV1,,1285
FPix_BpI_D2_BLD14_PNL2_RNG2,4T,M-P-6-07,6154,6,2Ta,2TD,1,PR104,portcard_FPix_BpI_D2_PRT4,PB-17,J12,3,dcdc_FPix_BpI_D2_PRT4,Disk2_RG1,CI-A 046,P49,A18,SN112498/0003,B13,3.02E+13,A,0x7b,0x11,FPix +z down right 2,4,FPix +z down right 3,3,4,white-6,11/12,6,t,1301,top,,10,2,1,D2-RG1-HV1,,1285
FPix_BpI_D2_BLD13_PNL2_RNG2,5T,M-P-4-43,6156,11,2Tb,2TC,7,PR110,portcard_FPix_BpI_D2_PRT3,PB-15,J12,3,dcdc_FPix_BpI_D2_PRT3,Disk2_RG2,CI-A 058,P75,A18,SN112498/0003,B13,3.02E+13,B,0x7c,0x11,FPix +z down right 2,4,FPix +z down right 3,3,4,black-8,15/16,6,t,1301,top,,10,2,2,D2-RG2-HV1,,1285
FPix_BpI_D2_BLD12_PNL2_RNG2,6T,M-N-2-40,6219,10,2Tb,2TC,5,PR110,portcard_FPix_BpI_D2_PRT3,PB-15,J12,3,dcdc_FPix_BpI_D2_PRT3,Disk2_RG2,CI-A 058,P75,A17,SN112498/0037,B13,3.02E+13,B,0x7c,0x11,FPix +z down right 2,5,FPix +z down right 3,3,5,black-8,39/40,5,b,1300,top,,10,2,2,D2-RG2-HV1,,1284
FPix_BpI_D2_BLD11_PNL2_RNG2,7T,M-G-2-34,6243,9,2Tb,2TC,4,PR110,portcard_FPix_BpI_D2_PRT3,PB-15,J12,4,dcdc_FPix_BpI_D2_PRT3,Disk2_RG2,CI-A 058,P75,B16,SN112498/0005,B13,3.02E+13,B,0x7c,0x11,FPix +z down right 2,6,FPix +z down right 3,3,6,white-6,11/12,5,t,1300,top,,10,2,2,D2-RG2-HV1,,1284
FPix_BpI_D2_BLD10_PNL2_RNG2,8T,M-P-3-16,6223,8,2Tb,2TC,3,PR110,portcard_FPix_BpI_D2_PRT3,PB-15,J12,3,dcdc_FPix_BpI_D2_PRT3,Disk2_RG2,CI-A 058,P75,B16,SN112498/0005,B13,3.02E+13,B,0x7c,0x11,FPix +z down right 2,6,FPix +z down right 3,3,6,black-8,15/16,5,t,1300,top,,10,2,2,D2-RG2-HV1,,1284
FPix_BpI_D2_BLD9_PNL2_RNG2,9T,M-P-1-21,6215,7,2Tb,2TC,1,PR110,portcard_FPix_BpI_D2_PRT3,PB-15,J12,3,dcdc_FPix_BpI_D2_PRT3,Disk2_RG2,CI-A 058,P75,B15,SN112498/0006,B13,3.02E+13,B,0x7c,0x11,FPix +z down right 3,1,FPix +z down right 3,3,7,black-8,39/40,4,b,1299,top,,10,2,2,D2-RG2-HV1,,1283
FPix_BpI_D2_BLD8_PNL2_RNG2,10T,M-P-1-49,6214,9,2Tc,2TB,7,PR102,portcard_FPix_BpI_D2_PRT2,PB-46,J12,3,dcdc_FPix_BpI_D2_PRT2,Disk2_RG3,CI-A 060,FP29,C7,SN112498/0010,C9,3.02E+13,A,0x7e,0x11,FPix +z up right 6,1,FPix +z up right 6,3,8,white-6,11/12,4,t,1299,top,,9,2,1,D2-RG3-HV1,,1283
FPix_BpI_D2_BLD7_PNL2_RNG2,11T,M-P-3-47,6165,8,2Tc,2TB,5,PR102,portcard_FPix_BpI_D2_PRT2,PB-46,J12,3,dcdc_FPix_BpI_D2_PRT2,Disk2_RG3,CI-A 060,FP29,C6,SN112498/0009,C9,3.02E+13,A,0x7e,0x11,FPix +z up right 5,6,FPix +z up right 6,3,9,white-6,35/36,3,b,1298,top,,9,2,1,D2-RG3-HV1,,1282
FPix_BpI_D2_BLD6_PNL2_RNG2,12T,M-P-1-08,6161,7,2Tc,2TB,3,PR102,portcard_FPix_BpI_D2_PRT2,PB-46,J12,3,dcdc_FPix_BpI_D2_PRT2,Disk2_RG3,CI-A 060,FP29,D5,SN112498/0008,C9,3.02E+13,A,0x7e,0x11,FPix +z up right 5,5,FPix +z up right 6,3,10,white-6,11/12,3,t,1298,top,,9,2,1,D2-RG3-HV1,,1282
FPix_BpI_D2_BLD5_PNL2_RNG2,13T,M-P-5-46,6158,6,2Tc,2TB,1,PR102,portcard_FPix_BpI_D2_PRT2,PB-46,J12,3,dcdc_FPix_BpI_D2_PRT2,Disk2_RG3,CI-A 060,FP29,D4,SN112498/0040,C9,3.02E+13,A,0x7e,0x11,FPix +z up right 5,4,FPix +z up right 6,3,11,white-6,35/36,2,b,1297,top,,9,2,1,D2-RG3-HV1,,1281
FPix_BpI_D2_BLD4_PNL2_RNG2,14T,M-P-6-40,6160,9,2Td,2TA,7,PR157,portcard_FPix_BpI_D2_PRT1,PB-32,J12,3,dcdc_FPix_BpI_D2_PRT1,Disk2_RG4,CI-A 052,FP18,D4,SN112498/0040,C9,3.02E+13,B,0x7d,0x11,FPix +z up right 5,4,FPix +z up right 6,3,11,black-8,39/40,2,b,1297,top,,9,2,2,D2-RG4-HV1,,1281
FPix_BpI_D2_BLD3_PNL2_RNG2,15T,M-P-5-37,6170,8,2Td,2TA,5,PR157,portcard_FPix_BpI_D2_PRT1,PB-32,J12,3,dcdc_FPix_BpI_D2_PRT1,Disk2_RG4,CI-A 052,FP18,D3,SN112498/0031,C9,3.02E+13,B,0x7d,0x11,FPix +z up right 5,3,FPix +z up right 6,3,12,black-8,15/16,2,t,1297,top,,9,2,2,D2-RG4-HV1,,1281
FPix_BpI_D2_BLD2_PNL2_RNG2,16T,M-P-6-34,6152,7,2Td,2TA,3,PR157,portcard_FPix_BpI_D2_PRT1,PB-32,J12,3,dcdc_FPix_BpI_D2_PRT1,Disk2_RG4,CI-A 052,FP18,D2,SN112498/0030,C9,3.02E+13,B,0x7d,0x11,FPix +z up right 5,2,FPix +z up right 6,3,13,black-8,39/40,1,b,1296,top,,9,2,2,D2-RG4-HV1,,1280
FPix_BpI_D2_BLD1_PNL2_RNG2,17T,M-H-2-41,6166,6,2Td,2TA,1,PR157,portcard_FPix_BpI_D2_PRT1,PB-32,J12,3,dcdc_FPix_BpI_D2_PRT1,Disk2_RG4,CI-A 052,FP18,D1,SN112498/0036,C9,3.02E+13,B,0x7d,0x11,FPix +z up right 5,1,FPix +z up right 6,3,14,black-8,15/16,1,t,1296,top,,9,2,2,D2-RG4-HV1,,1280
FPix_BpI_D2_BLD17_PNL1_RNG2,1B,M-P-4-48,6051,5,2Ba,2BD,7,PR004,portcard_FPix_BpI_D2_PRT4,PB-17,J11,1,dcdc_FPix_BpI_D2_PRT4,Disk2_RG1,CI-A 046,P104,A21,SN112498/0029,B13,3.02E+13,A,0x7b,0x11,FPix +z down right 2,1,FPix +z down right 3,3,1,gray-5,33/34,7,b,1302,top,,10,2,1,D2-RG1-HV1,,1286
FPix_BpI_D2_BLD16_PNL1_RNG2,2B,M-P-5-30,6056,4,2Ba,2BD,5,PR004,portcard_FPix_BpI_D2_PRT4,PB-17,J11,1,dcdc_FPix_BpI_D2_PRT4,Disk2_RG1,CI-A 046,P104,A20,SN112498/0026,B13,3.02E+13,A,0x7b,0x11,FPix +z down right 2,2,FPix +z down right 3,3,2,gray-5,9/10,7,t,1302,top,,10,2,1,D2-RG1-HV1,,1286
FPix_BpI_D2_BLD15_PNL1_RNG2,3B,M-P-3-40,6061,3,2Ba,2BD,3,PR004,portcard_FPix_BpI_D2_PRT4,PB-17,J11,1,dcdc_FPix_BpI_D2_PRT4,Disk2_RG1,CI-A 046,P104,A19,SN112498/0002,B13,3.02E+13,A,0x7b,0x11,FPix +z down right 2,3,FPix +z down right 3,3,3,gray-5,33/34,6,b,1301,top,,10,2,1,D2-RG1-HV1,,1285
FPix_BpI_D2_BLD14_PNL1_RNG2,4B,M-G-1-13,6055,2,2Ba,2BD,1,PR004,portcard_FPix_BpI_D2_PRT4,PB-17,J11,1,dcdc_FPix_BpI_D2_PRT4,Disk2_RG1,CI-A 046,P104,A18,SN112498/0003,B13,3.02E+13,A,0x7b,0x11,FPix +z down right 2,4,FPix +z down right 3,3,4,gray-5,9/10,6,t,1301,top,,10,2,1,D2-RG1-HV1,,1285
FPix_BpI_D2_BLD13_PNL1_RNG2,5B,M-P-5-32,6054,6,2Bb,2BC,7,PR053,portcard_FPix_BpI_D2_PRT3,PB-15,J11,1,dcdc_FPix_BpI_D2_PRT3,Disk2_RG2,CI-A 058,P90,A18,SN112498/0003,B13,3.02E+13,B,0x7c,0x11,FPix +z down right 2,4,FPix +z down right 3,3,4,red-7,13/14,6,t,1301,top,,10,2,2,D2-RG2-HV1,,1285
FPix_BpI_D2_BLD12_PNL1_RNG2,6B,M-P-5-05,6066,5,2Bb,2BC,5,PR053,portcard_FPix_BpI_D2_PRT3,PB-15,J11,1,dcdc_FPix_BpI_D2_PRT3,Disk2_RG2,CI-A 058,P90,A17,SN112498/0037,B13,3.02E+13,B,0x7c,0x11,FPix +z down right 2,1,FPix +z down right 3,3,5,red-7,37/38,5,b,1300,top,,10,2,2,D2-RG2-HV1,,1284
FPix_BpI_D2_BLD11_PNL1_RNG2,7B,M-P-6-43,6067,4,2Bb,2BC,4,PR053,portcard_FPix_BpI_D2_PRT3,PB-15,J11,2,dcdc_FPix_BpI_D2_PRT3,Disk2_RG2,CI-A 058,P90,B16,SN112498/0005,B13,3.02E+13,B,0x7c,0x11,FPix +z down right 2,2,FPix +z down right 3,3,6,gray-5,9/10,5,t,1300,top,,10,2,2,D2-RG2-HV1,,1284
FPix_BpI_D2_BLD10_PNL1_RNG2,8B,M-B-5-25,6059,3,2Bb,2BC,3,PR053,portcard_FPix_BpI_D2_PRT3,PB-15,J11,1,dcdc_FPix_BpI_D2_PRT3,Disk2_RG2,CI-A 058,P90,B16,SN112498/0005,B13,3.02E+13,B,0x7c,0x11,FPix +z down right 2,2,FPix +z down right 3,3,6,red-7,13/14,5,t,1300,top,,10,2,2,D2-RG2-HV1,,1284
FPix_BpI_D2_BLD9_PNL1_RNG2,9B,M-P-4-49,6074,2,2Bb,2BC,1,PR053,portcard_FPix_BpI_D2_PRT3,PB-15,J11,1,dcdc_FPix_BpI_D2_PRT3,Disk2_RG2,CI-A 058,P90,B15,SN112498/0006,B13,3.02E+13,B,0x7c,0x11,FPix +z down right 3,3,FPix +z down right 3,3,7,red-7,37/38,4,b,1299,top,,10,2,2,D2-RG2-HV1,,1283
FPix_BpI_D2_BLD8_PNL1_RNG2,10B,M-P-3-13,6068,5,2Bc,2BB,7,PR002,portcard_FPix_BpI_D2_PRT2,PB-46,J11,1,dcdc_FPix_BpI_D2_PRT2,Disk2_RG3,CI-A 060,P103,C7,SN112498/0010,C9,3.02E+13,A,0x7e,0x11,FPix +z up right 6,1,FPix +z up right 6,3,8,gray-5,9/10,4,t,1299,top,,9,2,1,D2-RG3-HV1,,1283
FPix_BpI_D2_BLD7_PNL1_RNG2,11B,M-M-1-28,6075,4,2Bc,2BB,5,PR002,portcard_FPix_BpI_D2_PRT2,PB-46,J11,1,dcdc_FPix_BpI_D2_PRT2,Disk2_RG3,CI-A 060,P103,C6,SN112498/0009,C9,3.02E+13,A,0x7e,0x11,FPix +z up right 5,6,FPix +z up right 6,3,9,gray-5,33/34,3,b,1298,top,,9,2,1,D2-RG3-HV1,,1282
FPix_BpI_D2_BLD6_PNL1_RNG2,12B,M-G-3-26,6071,3,2Bc,2BB,3,PR002,portcard_FPix_BpI_D2_PRT2,PB-46,J11,1,dcdc_FPix_BpI_D2_PRT2,Disk2_RG3,CI-A 060,P103,D5,SN112498/0008,C9,3.02E+13,A,0x7e,0x11,FPix +z up right 5,5,FPix +z up right 6,3,10,gray-5,9/10,3,t,1298,top,,9,2,1,D2-RG3-HV1,,1282
FPix_BpI_D2_BLD5_PNL1_RNG2,13B,M-P-1-45,6138,2,2Bc,2BB,1,PR002,portcard_FPix_BpI_D2_PRT2,PB-46,J11,1,dcdc_FPix_BpI_D2_PRT2,Disk2_RG3,CI-A 060,P103,D4,SN112498/0040,C9,3.02E+13,A,0x7e,0x11,FPix +z up right 5,4,FPix +z up right 6,3,11,gray-5,33/34,2,b,1297,top,,9,2,1,D2-RG3-HV1,,1281
FPix_BpI_D2_BLD4_PNL1_RNG2,14B,M-H-1-38,6226,5,2Bd,2BA,7,PR057,portcard_FPix_BpI_D2_PRT1,PB-32,J11,1,dcdc_FPix_BpI_D2_PRT1,Disk2_RG4,CI-A 052,P100,D4,SN112498/0040,C9,3.02E+13,B,0x7d,0x11,FPix +z up right 5,4,FPix +z up right 6,3,11,red-7,37/38,2,b,1297,top,,9,2,2,D2-RG4-HV1,,1281
FPix_BpI_D2_BLD3_PNL1_RNG2,15B,M-O-3-17,6209,4,2Bd,2BA,5,PR057,portcard_FPix_BpI_D2_PRT1,PB-32,J11,1,dcdc_FPix_BpI_D2_PRT1,Disk2_RG4,CI-A 052,P100,D3,SN112498/0031,C9,3.02E+13,B,0x7d,0x11,FPix +z up right 5,3,FPix +z up right 6,3,12,red-7,13/14,2,t,1297,top,,9,2,2,D2-RG4-HV1,,1281
FPix_BpI_D2_BLD2_PNL1_RNG2,16B,M-J-3-34,6201,3,2Bd,2BA,3,PR057,portcard_FPix_BpI_D2_PRT1,PB-32,J11,1,dcdc_FPix_BpI_D2_PRT1,Disk2_RG4,CI-A 052,P100,D2,SN112498/0030,C9,3.02E+13,B,0x7d,0x11,FPix +z up right 5,2,FPix +z up right 6,3,13,red-7,37/38,1,b,1296,top,,9,2,2,D2-RG4-HV1,,1280
FPix_BpI_D2_BLD1_PNL1_RNG2,17B,M-P-2-35,6203,2,2Bd,2BA,1,PR057,portcard_FPix_BpI_D2_PRT1,PB-32,J11,1,dcdc_FPix_BpI_D2_PRT1,Disk2_RG4,CI-A 052,P100,D1,SN112498/0036,C9,3.02E+13,B,0x7d,0x11,FPix +z up right 5,1,FPix +z up right 6,3,14,red-7,13/14,1,t,1296,top,,9,2,2,D2-RG4-HV1,,1280
,,,,,,,,,,,,,,,,,,,,,,,,,,,,,,,,,,,,,,,,,
FPix_BpI_D3_BLD11_PNL2_RNG1,1T,M-P-2-07,4289,15,3Ta,3TD,6,PR109,portcard_FPix_BpI_D3_PRT4,PB-44,J12,4,dcdc_FPix_BpI_D3_PRT4,Disk3_RG1,CI-A 047,P56,A21,SN112498/0029,B12,3.02E+13,A,0x7b,0x12,FPix +z down right 2,1,FPix +z down right 3,4,1,turquoise-12,47/48,7,b,1302,top,,9,4,1,D3-RG1-HV2,,1286
FPix_BpI_D3_BLD10_PNL2_RNG1,2T,M-Q-A-09,4252,14,3Ta,3TD,4,PR109,portcard_FPix_BpI_D3_PRT4,PB-44,J12,4,dcdc_FPix_BpI_D3_PRT4,Disk3_RG1,CI-A 047,P56,A20,SN112498/0026,B12,3.02E+13,A,0x7b,0x12,FPix +z down right 2,2,FPix +z down right 3,4,2,turquoise-12,23/24,7,t,1302,top,,9,4,1,D3-RG1-HV2,,1286
FPix_BpI_D3_BLD9_PNL2_RNG1,3T,M-Q-4-40,4191,13,3Ta,3TD,2,PR109,portcard_FPix_BpI_D3_PRT4,PB-44,J12,4,dcdc_FPix_BpI_D3_PRT4,Disk3_RG1,CI-A 047,P56,A19,SN112498/0002,B12,3.02E+13,A,0x7b,0x12,FPix +z down right 2,3,FPix +z down right 3,4,3,turquoise-12,47/48,6,b,1301,top,,9,4,1,D3-RG1-HV2,,1285
FPix_BpI_D3_BLD8_PNL2_RNG1,4T,M-Q-3-47,4198,15,3Tb,3TC,6,PR112,portcard_FPix_BpI_D3_PRT3,PB-8,J12,4,dcdc_FPix_BpI_D3_PRT3,Disk3_RG2,CI-A 019,P55,A17,SN112498/0037,B12,3.02E+13,B,0x7c,0x12,FPix +z down right 2,5,FPix +z down right 3,4,5,violet-10,43/44,5,b,1300,top,,9,4,2,D3-RG2-HV2,,1284
FPix_BpI_D3_BLD7_PNL2_RNG1,5T,M-N-2-24,4242,14,3Tb,3TC,2,PR112,portcard_FPix_BpI_D3_PRT3,PB-8,J12,4,dcdc_FPix_BpI_D3_PRT3,Disk3_RG2,CI-A 019,P55,B15,SN112498/0006,B12,3.02E+13,B,0x7c,0x12,FPix +z down right 3,1,FPix +z down right 3,4,7,violet-10,43/44,4,b,1299,top,,9,4,2,D3-RG2-HV2,,1283
FPix_BpI_D3_BLD6_PNL2_RNG1,6T,M-Q-6-21,4278,15,3Tc,3TB,6,PR151,portcard_FPix_BpI_D3_PRT2,PB-53,J12,4,dcdc_FPix_BpI_D3_PRT2,Disk3_RG3,CI-A 041,P70,C7,SN112498/0010,C8,3.02E+13,A,0x7e,0x12,FPix +z up right 6,1,FPix +z up right 6,2,8,turquoise-12,23/24,4,t,1299,top,,9,3,1,D3-RG3-HV2,,1283
FPix_BpI_D3_BLD5_PNL2_RNG1,7T,M-Q-6-10,4225,14,3Tc,3TB,4,PR151,portcard_FPix_BpI_D3_PRT2,PB-53,J12,4,dcdc_FPix_BpI_D3_PRT2,Disk3_RG3,CI-A 041,P70,C6,SN112498/0009,C8,3.02E+13,A,0x7e,0x12,FPix +z up right 5,6,FPix +z up right 6,2,9,turquoise-12,47/48,3,b,1298,top,,9,3,1,D3-RG3-HV2,,1282
FPix_BpI_D3_BLD4_PNL2_RNG1,8T,M-Y-M-NQ,4229,13,3Tc,3TB,2,PR151,portcard_FPix_BpI_D3_PRT2,PB-53,J12,4,dcdc_FPix_BpI_D3_PRT2,Disk3_RG3,CI-A 041,P70,D5,SN112498/0008,C8,3.02E+13,A,0x7e,0x12,FPix +z up right 5,5,FPix +z up right 6,2,10,turquoise-12,23/24,3,t,1298,top,,9,3,1,D3-RG3-HV2,,1282
FPix_BpI_D3_BLD3_PNL2_RNG1,9T,M-Q-3-39,4228,15,3Td,3TA,6,PR147,portcard_FPix_BpI_D3_PRT1,PB-43,J12,4,dcdc_FPix_BpI_D3_PRT1,Disk3_RG4,CI-A 030,P57,D3,SN112498/0031,C8,3.02E+13,B,0x7d,0x12,FPix +z up right 5,3,FPix +z up right 6,2,12,violet-10,19/20,2,t,1297,top,,9,3,2,D3-RG4-HV2,,1281
FPix_BpI_D3_BLD2_PNL2_RNG1,10T,M-I-3-10,4194,14,3Td,3TA,4,PR147,portcard_FPix_BpI_D3_PRT1,PB-43,J12,4,dcdc_FPix_BpI_D3_PRT1,Disk3_RG4,CI-A 030,P57,D2,SN112498/0030,C8,3.02E+13,B,0x7d,0x12,FPix +z up right 5,2,FPix +z up right 6,2,13,violet-10,43/44,1,b,1296,top,,9,3,2,D3-RG4-HV2,,1280
FPix_BpI_D3_BLD1_PNL2_RNG1,11T,M-Q-6-09,4237,13,3Td,3TA,2,PR147,portcard_FPix_BpI_D3_PRT1,PB-43,J12,4,dcdc_FPix_BpI_D3_PRT1,Disk3_RG4,CI-A 030,P57,D1,SN112498/0036,C8,3.02E+13,B,0x7d,0x12,FPix +z up right 5,1,FPix +z up right 6,2,14,violet-10,19/20,1,t,1296,top,,9,3,2,D3-RG4-HV2,,1280
FPix_BpI_D3_BLD11_PNL1_RNG1,1B,M-Q-3-22,4230,12,3Ba,3BD,6,PR009,portcard_FPix_BpI_D3_PRT4,PB-44,J11,2,dcdc_FPix_BpI_D3_PRT4,Disk3_RG1,CI-A 047,FP28,A21,SN112498/0029,B12,3.02E+13,A,0x7b,0x12,FPix +z down right 2,1,FPix +z down right 3,4,1,pink-11,45/46,7,b,1302,top,,9,4,1,D3-RG1-HV2,,1286
FPix_BpI_D3_BLD10_PNL1_RNG1,2B,M-I-2-43,4292,11,3Ba,3BD,4,PR009,portcard_FPix_BpI_D3_PRT4,PB-44,J11,2,dcdc_FPix_BpI_D3_PRT4,Disk3_RG1,CI-A 047,FP28,A20,SN112498/0026,B12,3.02E+13,A,0x7b,0x12,FPix +z down right 2,2,FPix +z down right 3,4,2,pink-11,21/22,7,t,1302,top,,9,4,1,D3-RG1-HV2,,1286
FPix_BpI_D3_BLD9_PNL1_RNG1,3B,M-N-3-48,4193,10,3Ba,3BD,2,PR009,portcard_FPix_BpI_D3_PRT4,PB-44,J11,2,dcdc_FPix_BpI_D3_PRT4,Disk3_RG1,CI-A 047,FP28,A19,SN112498/0002,B12,3.02E+13,A,0x7b,0x12,FPix +z down right 2,3,FPix +z down right 3,4,3,pink-11,45/46,6,b,1301,top,,9,4,1,D3-RG1-HV2,,1285
FPix_BpI_D3_BLD8_PNL1_RNG1,4B,M-Q-6-29,4231,13,3Bb,3BC,6,PR012,portcard_FPix_BpI_D3_PRT3,PB-8,J11,2,dcdc_FPix_BpI_D3_PRT3,Disk3_RG2,CI-A 019,P86,A17,SN112498/0037,B12,3.02E+13,B,0x7c,0x12,FPix +z down right 2,5,FPix +z down right 3,4,5,yellow-9,41/42,5,b,1300,top,,9,4,2,D3-RG2-HV2,,1284
FPix_BpI_D3_BLD7_PNL1_RNG1,5B,M-Q-4-46,4232,12,3Bb,3BC,2,PR012,portcard_FPix_BpI_D3_PRT3,PB-8,J11,2,dcdc_FPix_BpI_D3_PRT3,Disk3_RG2,CI-A 019,P86,B15,SN112498/0006,B12,3.02E+13,B,0x7c,0x12,FPix +z down right 3,1,FPix +z down right 3,4,7,yellow-9,41/42,4,b,1299,top,,9,4,2,D3-RG2-HV2,,1283
FPix_BpI_D3_BLD6_PNL1_RNG1,6B,M-Y-H-NB,4238,12,3Bc,3BB,6,PR051,portcard_FPix_BpI_D3_PRT2,PB-53,J11,2,dcdc_FPix_BpI_D3_PRT2,Disk3_RG3,CI-A 041,FP30,C7,SN112498/0010,C8,3.02E+13,A,0x7e,0x12,FPix +z up right 6,1,FPix +z up right 6,2,8,pink-11,21/22,4,t,1299,top,,9,3,1,D3-RG3-HV2,,1283
FPix_BpI_D3_BLD5_PNL1_RNG1,7B,M-Q-A-07,4199,11,3Bc,3BB,4,PR051,portcard_FPix_BpI_D3_PRT2,PB-53,J11,2,dcdc_FPix_BpI_D3_PRT2,Disk3_RG3,CI-A 041,FP30,C6,SN112498/0009,C8,3.02E+13,A,0x7e,0x12,FPix +z up right 5,6,FPix +z up right 6,2,9,pink-11,45/46,3,b,1298,top,,9,3,1,D3-RG3-HV2,,1282
FPix_BpI_D3_BLD4_PNL1_RNG1,8B,M-Q-6-28,4261,10,3Bc,3BB,2,PR051,portcard_FPix_BpI_D3_PRT2,PB-53,J11,2,dcdc_FPix_BpI_D3_PRT2,Disk3_RG3,CI-A 041,FP30,D5,SN112498/0008,C8,3.02E+13,A,0x7e,0x12,FPix +z up right 5,5,FPix +z up right 6,2,10,pink-11,21/22,3,t,1298,top,,9,3,1,D3-RG3-HV2,,1282
FPix_BpI_D3_BLD3_PNL1_RNG1,9B,M-L-3-21,4253,12,3Bd,3BA,6,PR047,portcard_FPix_BpI_D3_PRT1,PB-43,J11,2,dcdc_FPix_BpI_D3_PRT1,Disk3_RG4,CI-A 030,P74,D3,SN112498/0031,C8,3.02E+13,B,0x7d,0x12,FPix +z up right 5,3,FPix +z up right 6,2,12,yellow-9,17/18,2,t,1297,top,,9,3,2,D3-RG4-HV2,,1281
FPix_BpI_D3_BLD2_PNL1_RNG1,10B,M-Q-9-09,4254,11,3Bd,3BA,4,PR047,portcard_FPix_BpI_D3_PRT1,PB-43,J11,2,dcdc_FPix_BpI_D3_PRT1,Disk3_RG4,CI-A 030,P74,D2,SN112498/0030,C8,3.02E+13,B,0x7d,0x12,FPix +z up right 5,2,FPix +z up right 6,2,13,yellow-9,41/42,1,b,1296,top,,9,3,2,D3-RG4-HV2,,1280
FPix_BpI_D3_BLD1_PNL1_RNG1,11B,M-G-2-36,4250,10,3Bd,3BA,2,PR047,portcard_FPix_BpI_D3_PRT1,PB-43,J11,2,dcdc_FPix_BpI_D3_PRT1,Disk3_RG4,CI-A 030,P74,D1,SN112498/0036,C8,3.02E+13,B,0x7d,0x12,FPix +z up right 5,1,FPix +z up right 6,2,14,yellow-9,17/18,1,t,1296,top,,9,3,2,D3-RG4-HV2,,1280
FPix_BpI_D3_BLD17_PNL2_RNG2,1T,M-M-1-32,4264,9,3Ta,3TD,7,PR109,portcard_FPix_BpI_D3_PRT4,PB-44,J12,3,dcdc_FPix_BpI_D3_PRT4,Disk3_RG1,CI-A 047,P56,A21,SN112498/0029,B12,3.02E+13,A,0x7b,0x12,FPix +z down right 2,1,FPix +z down right 3,4,1,violet-10,43/44,7,b,1302,top,,9,4,1,D3-RG1-HV1,,1286
FPix_BpI_D3_BLD16_PNL2_RNG2,2T,M-I-3-42,4322,8,3Ta,3TD,5,PR109,portcard_FPix_BpI_D3_PRT4,PB-44,J12,3,dcdc_FPix_BpI_D3_PRT4,Disk3_RG1,CI-A 047,P56,A20,SN112498/0026,B12,3.02E+13,A,0x7b,0x12,FPix +z down right 2,2,FPix +z down right 3,4,2,violet-10,19/20,7,t,1302,top,,9,4,1,D3-RG1-HV1,,1286
FPix_BpI_D3_BLD15_PNL2_RNG2,3T,M-L-4-34,4304,7,3Ta,3TD,3,PR109,portcard_FPix_BpI_D3_PRT4,PB-44,J12,3,dcdc_FPix_BpI_D3_PRT4,Disk3_RG1,CI-A 047,P56,A19,SN112498/0002,B12,3.02E+13,A,0x7b,0x12,FPix +z down right 2,3,FPix +z down right 3,4,3,violet-10,43/44,6,b,1301,top,,9,4,1,D3-RG1-HV1,,1285
FPix_BpI_D3_BLD14_PNL2_RNG2,4T,M-I-2-34,4301,6,3Ta,3TD,1,PR109,portcard_FPix_BpI_D3_PRT4,PB-44,J12,3,dcdc_FPix_BpI_D3_PRT4,Disk3_RG1,CI-A 047,P56,A18,SN112498/0003,B12,3.02E+13,A,0x7b,0x12,FPix +z down right 2,4,FPix +z down right 3,4,4,violet-10,19/20,6,t,1301,top,,9,4,1,D3-RG1-HV1,,1285
FPix_BpI_D3_BLD13_PNL2_RNG2,5T,M-Q-4-29,4287,11,3Tb,3TC,7,PR112,portcard_FPix_BpI_D3_PRT3,PB-8,J12,3,dcdc_FPix_BpI_D3_PRT3,Disk3_RG2,CI-A 019,P55,A18,SN112498/0003,B12,3.02E+13,B,0x7c,0x12,FPix +z down right 2,4,FPix +z down right 3,4,4,turquoise-12,23/24,6,t,1301,top,,9,4,2,D3-RG2-HV1,,1285
FPix_BpI_D3_BLD12_PNL2_RNG2,6T,M-Q-3-19,4293,10,3Tb,3TC,5,PR112,portcard_FPix_BpI_D3_PRT3,PB-8,J12,3,dcdc_FPix_BpI_D3_PRT3,Disk3_RG2,CI-A 019,P55,A17,SN112498/0037,B12,3.02E+13,B,0x7c,0x12,FPix +z down right 2,5,FPix +z down right 3,4,5,turquoise-12,47/48,5,b,1300,top,,9,4,2,D3-RG2-HV1,,1284
FPix_BpI_D3_BLD11_PNL2_RNG2,7T,M-P-5-09,4324,9,3Tb,3TC,4,PR112,portcard_FPix_BpI_D3_PRT3,PB-8,J12,4,dcdc_FPix_BpI_D3_PRT3,Disk3_RG2,CI-A 019,P55,B16,SN112498/0005,B12,3.02E+13,B,0x7c,0x12,FPix +z down right 2,6,FPix +z down right 3,4,6,violet-10,19/20,5,t,1300,top,,9,4,2,D3-RG2-HV1,,1284
FPix_BpI_D3_BLD10_PNL2_RNG2,8T,M-Q-8-25,4305,8,3Tb,3TC,3,PR112,portcard_FPix_BpI_D3_PRT3,PB-8,J12,3,dcdc_FPix_BpI_D3_PRT3,Disk3_RG2,CI-A 019,P55,B16,SN112498/0005,B12,3.02E+13,B,0x7c,0x12,FPix +z down right 2,6,FPix +z down right 3,4,6,turquoise-12,23/24,5,t,1300,top,,9,4,2,D3-RG2-HV1,,1284
FPix_BpI_D3_BLD9_PNL2_RNG2,9T,M-M-2-09,4321,7,3Tb,3TC,1,PR112,portcard_FPix_BpI_D3_PRT3,PB-8,J12,3,dcdc_FPix_BpI_D3_PRT3,Disk3_RG2,CI-A 019,P55,B15,SN112498/0006,B12,3.02E+13,B,0x7c,0x12,FPix +z down right 3,1,FPix +z down right 3,4,7,turquoise-12,47/48,4,b,1299,top,,9,4,2,D3-RG2-HV1,,1283
FPix_BpI_D3_BLD8_PNL2_RNG2,10T,M-Q-9-16,4300,9,3Tc,3TB,7,PR151,portcard_FPix_BpI_D3_PRT2,PB-53,J12,3,dcdc_FPix_BpI_D3_PRT2,Disk3_RG3,CI-A 041,P70,C7,SN112498/0010,C8,3.02E+13,A,0x7e,0x12,FPix +z up right 6,1,FPix +z up right 6,2,8,violet-10,19/20,4,t,1299,top,,9,3,1,D3-RG3-HV1,,1283
FPix_BpI_D3_BLD7_PNL2_RNG2,11T,M-Q-2-48,4294,8,3Tc,3TB,5,PR151,portcard_FPix_BpI_D3_PRT2,PB-53,J12,3,dcdc_FPix_BpI_D3_PRT2,Disk3_RG3,CI-A 041,P70,C6,SN112498/0009,C8,3.02E+13,A,0x7e,0x12,FPix +z up right 5,6,FPix +z up right 6,2,9,violet-10,43/44,3,b,1298,top,,9,3,1,D3-RG3-HV1,,1282
FPix_BpI_D3_BLD6_PNL2_RNG2,12T,M-Q-6-39,4320,7,3Tc,3TB,3,PR151,portcard_FPix_BpI_D3_PRT2,PB-53,J12,3,dcdc_FPix_BpI_D3_PRT2,Disk3_RG3,CI-A 041,P70,D5,SN112498/0008,C8,3.02E+13,A,0x7e,0x12,FPix +z up right 5,5,FPix +z up right 6,2,10,violet-10,19/20,3,t,1298,top,,9,3,1,D3-RG3-HV1,,1282
FPix_BpI_D3_BLD5_PNL2_RNG2,13T,M-Q-9-27,4285,6,3Tc,3TB,1,PR151,portcard_FPix_BpI_D3_PRT2,PB-53,J12,3,dcdc_FPix_BpI_D3_PRT2,Disk3_RG3,CI-A 041,P70,D4,SN112498/0040,C8,3.02E+13,A,0x7e,0x12,FPix +z up right 5,4,FPix +z up right 6,2,11,violet-10,43/44,2,b,1297,top,,9,3,1,D3-RG3-HV1,,1281
FPix_BpI_D3_BLD4_PNL2_RNG2,14T,M-Q-4-15,4283,9,3Td,3TA,7,PR147,portcard_FPix_BpI_D3_PRT1,PB-43,J12,3,dcdc_FPix_BpI_D3_PRT1,Disk3_RG4,CI-A 030,P57,D4,SN112498/0040,C8,3.02E+13,B,0x7d,0x12,FPix +z up right 5,4,FPix +z up right 6,2,11,turquoise-12,47/48,2,b,1297,top,,9,3,2,D3-RG4-HV1,,1281
FPix_BpI_D3_BLD3_PNL2_RNG2,15T,M-Q-4-17,4296,8,3Td,3TA,5,PR147,portcard_FPix_BpI_D3_PRT1,PB-43,J12,3,dcdc_FPix_BpI_D3_PRT1,Disk3_RG4,CI-A 030,P57,D3,SN112498/0031,C8,3.02E+13,B,0x7d,0x12,FPix +z up right 5,3,FPix +z up right 6,2,12,turquoise-12,23/24,2,t,1297,top,,9,3,2,D3-RG4-HV1,,1281
FPix_BpI_D3_BLD2_PNL2_RNG2,16T,M-M-3-23,4272,7,3Td,3TA,3,PR147,portcard_FPix_BpI_D3_PRT1,PB-43,J12,3,dcdc_FPix_BpI_D3_PRT1,Disk3_RG4,CI-A 030,P57,D2,SN112498/0030,C8,3.02E+13,B,0x7d,0x12,FPix +z up right 5,2,FPix +z up right 6,2,13,turquoise-12,47/48,1,b,1296,top,,9,3,2,D3-RG4-HV1,,1280
FPix_BpI_D3_BLD1_PNL2_RNG2,17T,M-Q-7-06,4318,6,3Td,3TA,1,PR147,portcard_FPix_BpI_D3_PRT1,PB-43,J12,3,dcdc_FPix_BpI_D3_PRT1,Disk3_RG4,CI-A 030,P57,D1,SN112498/0036,C8,3.02E+13,B,0x7d,0x12,FPix +z up right 5,1,FPix +z up right 6,2,14,turquoise-12,23/24,1,t,1296,top,,9,3,2,D3-RG4-HV1,,1280
FPix_BpI_D3_BLD17_PNL1_RNG2,1B,M-Q-3-26,4291,5,3Ba,3BD,7,PR009,portcard_FPix_BpI_D3_PRT4,PB-44,J11,1,dcdc_FPix_BpI_D3_PRT4,Disk3_RG1,CI-A 047,FP28,A21,SN112498/0029,B12,3.02E+13,A,0x7b,0x12,FPix +z down right 2,1,FPix +z down right 3,4,1,yellow-9,41/42,7,b,1302,top,,9,4,1,D3-RG1-HV1,,1286
FPix_BpI_D3_BLD16_PNL1_RNG2,2B,M-Q-9-40,4263,4,3Ba,3BD,5,PR009,portcard_FPix_BpI_D3_PRT4,PB-44,J11,1,dcdc_FPix_BpI_D3_PRT4,Disk3_RG1,CI-A 047,FP28,A20,SN112498/0026,B12,3.02E+13,A,0x7b,0x12,FPix +z down right 2,2,FPix +z down right 3,4,2,yellow-9,17/18,7,t,1302,top,,9,4,1,D3-RG1-HV1,,1286
FPix_BpI_D3_BLD15_PNL1_RNG2,3B,M-Q-4-06,4295,3,3Ba,3BD,3,PR009,portcard_FPix_BpI_D3_PRT4,PB-44,J11,1,dcdc_FPix_BpI_D3_PRT4,Disk3_RG1,CI-A 047,FP28,A19,SN112498/0002,B12,3.02E+13,A,0x7b,0x12,FPix +z down right 2,3,FPix +z down right 3,4,3,yellow-9,41/42,6,b,1301,top,,9,4,1,D3-RG1-HV1,,1285
FPix_BpI_D3_BLD14_PNL1_RNG2,4B,M-K-3-48,4275,2,3Ba,3BD,1,PR009,portcard_FPix_BpI_D3_PRT4,PB-44,J11,1,dcdc_FPix_BpI_D3_PRT4,Disk3_RG1,CI-A 047,FP28,A18,SN112498/0003,B12,3.02E+13,A,0x7b,0x12,FPix +z down right 2,4,FPix +z down right 3,4,4,yellow-9,17/18,6,t,1301,top,,9,4,1,D3-RG1-HV1,,1285
FPix_BpI_D3_BLD13_PNL1_RNG2,5B,M-Q-4-24,4319,6,3Bb,3BC,7,PR012,portcard_FPix_BpI_D3_PRT3,PB-8,J11,1,dcdc_FPix_BpI_D3_PRT3,Disk3_RG2,CI-A 019,P86,A18,SN112498/0003,B12,3.02E+13,B,0x7c,0x12,FPix +z down right 2,4,FPix +z down right 3,4,4,pink-11,21/22,6,t,1301,top,,9,4,2,D3-RG2-HV1,,1285
FPix_BpI_D3_BLD12_PNL1_RNG2,6B,M-P-5-34,4317,5,3Bb,3BC,5,PR012,portcard_FPix_BpI_D3_PRT3,PB-8,J11,1,dcdc_FPix_BpI_D3_PRT3,Disk3_RG2,CI-A 019,P86,A17,SN112498/0037,B12,3.02E+13,B,0x7c,0x12,FPix +z down right 2,1,FPix +z down right 3,4,5,pink-11,45/46,5,b,1300,top,,9,4,2,D3-RG2-HV1,,1284
FPix_BpI_D3_BLD11_PNL1_RNG2,7B,M-P-2-38,4271,4,3Bb,3BC,4,PR012,portcard_FPix_BpI_D3_PRT3,PB-8,J11,2,dcdc_FPix_BpI_D3_PRT3,Disk3_RG2,CI-A 019,P86,B16,SN112498/0005,B12,3.02E+13,B,0x7c,0x12,FPix +z down right 2,2,FPix +z down right 3,4,6,yellow-9,17/18,5,t,1300,top,,9,4,2,D3-RG2-HV1,,1284
FPix_BpI_D3_BLD10_PNL1_RNG2,8B,M-Q-9-24,4277,3,3Bb,3BC,3,PR012,portcard_FPix_BpI_D3_PRT3,PB-8,J11,1,dcdc_FPix_BpI_D3_PRT3,Disk3_RG2,CI-A 019,P86,B16,SN112498/0005,B12,3.02E+13,B,0x7c,0x12,FPix +z down right 2,2,FPix +z down right 3,4,6,pink-11,21/22,5,t,1300,top,,9,4,2,D3-RG2-HV1,,1284
FPix_BpI_D3_BLD9_PNL1_RNG2,9B,M-Q-A-48,4299,2,3Bb,3BC,1,PR012,portcard_FPix_BpI_D3_PRT3,PB-8,J11,1,dcdc_FPix_BpI_D3_PRT3,Disk3_RG2,CI-A 019,P86,B15,SN112498/0006,B12,3.02E+13,B,0x7c,0x12,FPix +z down right 3,3,FPix +z down right 3,4,7,pink-11,45/46,4,b,1299,top,,9,4,2,D3-RG2-HV1,,1283
FPix_BpI_D3_BLD8_PNL1_RNG2,10B,M-Q-A-37,4323,5,3Bc,3BB,7,PR051,portcard_FPix_BpI_D3_PRT2,PB-53,J11,1,dcdc_FPix_BpI_D3_PRT2,Disk3_RG3,CI-A 041,FP30,C7,SN112498/0010,C8,3.02E+13,A,0x7e,0x12,FPix +z up right 6,1,FPix +z up right 6,2,8,yellow-9,17/18,4,t,1299,top,,9,3,1,D3-RG3-HV1,,1283
FPix_BpI_D3_BLD7_PNL1_RNG2,11B,M-Q-7-21,4297,4,3Bc,3BB,5,PR051,portcard_FPix_BpI_D3_PRT2,PB-53,J11,1,dcdc_FPix_BpI_D3_PRT2,Disk3_RG3,CI-A 041,FP30,C6,SN112498/0009,C8,3.02E+13,A,0x7e,0x12,FPix +z up right 5,6,FPix +z up right 6,2,9,yellow-9,41/42,3,b,1298,top,,9,3,1,D3-RG3-HV1,,1282
FPix_BpI_D3_BLD6_PNL1_RNG2,12B,M-Q-3-07,4326,3,3Bc,3BB,3,PR051,portcard_FPix_BpI_D3_PRT2,PB-53,J11,1,dcdc_FPix_BpI_D3_PRT2,Disk3_RG3,CI-A 041,FP30,D5,SN112498/0008,C8,3.02E+13,A,0x7e,0x12,FPix +z up right 5,5,FPix +z up right 6,2,10,yellow-9,17/18,3,t,1298,top,,9,3,1,D3-RG3-HV1,,1282
FPix_BpI_D3_BLD5_PNL1_RNG2,13B,M-Q-3-32,4281,2,3Bc,3BB,1,PR051,portcard_FPix_BpI_D3_PRT2,PB-53,J11,1,dcdc_FPix_BpI_D3_PRT2,Disk3_RG3,CI-A 041,FP30,D4,SN112498/0040,C8,3.02E+13,A,0x7e,0x12,FPix +z up right 5,4,FPix +z up right 6,2,11,yellow-9,41/42,2,b,1297,top,,9,3,1,D3-RG3-HV1,,1281
FPix_BpI_D3_BLD4_PNL1_RNG2,14B,M-M-1-40,4276,5,3Bd,3BA,7,PR047,portcard_FPix_BpI_D3_PRT1,PB-43,J11,1,dcdc_FPix_BpI_D3_PRT1,Disk3_RG4,CI-A 030,P74,D4,SN112498/0040,C8,3.02E+13,B,0x7d,0x12,FPix +z up right 5,4,FPix +z up right 6,2,11,pink-11,45/46,2,b,1297,top,,9,3,2,D3-RG4-HV1,,1281
FPix_BpI_D3_BLD3_PNL1_RNG2,15B,M-Q-4-07,4274,4,3Bd,3BA,5,PR047,portcard_FPix_BpI_D3_PRT1,PB-43,J11,1,dcdc_FPix_BpI_D3_PRT1,Disk3_RG4,CI-A 030,P74,D3,SN112498/0031,C8,3.02E+13,B,0x7d,0x12,FPix +z up right 5,3,FPix +z up right 6,2,12,pink-11,21/22,2,t,1297,top,,9,3,2,D3-RG4-HV1,,1281
FPix_BpI_D3_BLD2_PNL1_RNG2,16B,M-Q-6-01,4279,3,3Bd,3BA,3,PR047,portcard_FPix_BpI_D3_PRT1,PB-43,J11,1,dcdc_FPix_BpI_D3_PRT1,Disk3_RG4,CI-A 030,P74,D2,SN112498/0030,C8,3.02E+13,B,0x7d,0x12,FPix +z up right 5,2,FPix +z up right 6,2,13,pink-11,45/46,1,b,1296,top,,9,3,2,D3-RG4-HV1,,1280
FPix_BpI_D3_BLD1_PNL1_RNG2,17B,M-Q-A-38,4286,2,3Bd,3BA,1,PR047,portcard_FPix_BpI_D3_PRT1,PB-43,J11,1,dcdc_FPix_BpI_D3_PRT1,Disk3_RG4,CI-A 030,P74,D1,SN112498/0036,C8,3.02E+13,B,0x7d,0x12,FPix +z up right 5,1,FPix +z up right 6,2,14,pink-11,21/22,1,t,1296,top,,9,3,2,D3-RG4-HV1,,1280
,,,,,,,,,,,,,,,,,,,,,,,,,,,,,,,,,,,,,,,,,
,,,,,,,,,,,,,,,,,,,,,,,,,,,,,,,,,,,,,,,,,
,,,,,,,,,,,,,,,,,,,,,,,,,,,,,,,,,,,,,,,,,
,,,,,,,,,,,,,,,,,,,,,,,,,,,,,,,,,,,,,,,,,
,,,,,,,,,,,,,,,,,,,,,,,,,,,,,,,,,,,,,,,,,
,,,,,,,,,,,,,,,,,,,,,,,,,,,,,,,,,,,,,,,,,
,,,,,,,,,,,,,,,,,,,,,,,,,,,,,,,,,,,,,,,,,
,,,,,,,,,,,,,,,,,,,,,,,,,,,,,,,,,,,,,,,,,
,,,,,,,,,,,,,,,,,,,,,,,,,,,,,,,,,,,,,,,,,
,,,,,,,,,,,,,,,,,,,,,,,,,,,,,,,,,,,,,,,,,
,,,,,,,,,,,,,,,,,,,,,,,,,,,,,,,,,,,,,,,,,
,,,,,,,,,,,,,,,,,,,,,,,,,,,,,,,,,,,,,,,,,
,,,,,,,,,,,,,,,,,,,,,,,,,,,,,,,,,,,,,,,,,
,,,,,,,,,,,,,,,,,,,,,,,,,,,,,,,,,,,,,,,,,
,,,,,,,,,,,,,,,,,,,,,,,,,,,,,,,,,,,,,,,,,
,,,,,,,,,,,,,,,,,,,,,,,,,,,,,,,,,,,,,,,,,
,,,,,,,,,,,,,,,,,,,,,,,,,,,,,,,,,,,,,,,,,
,,,,,,,,,,,,,,,,,,,,,,,,,,,,,,,,,,,,,,,,,
,,,,,,,,,,,,,,,,,,,,,,,,,,,,,,,,,,,,,,,,,
,,,,,,,,,,,,,,,,,,,,,,,,,,,,,,,,,,,,,,,,,
,,,,,,,,,,,,,,,,,,,,,,,,,,,,,,,,,,,,,,,,,
,,,,,,,,,,,,,,,,,,,,,,,,,,,,,,,,,,,,,,,,,
,,,,,,,,,,,,,,,,,,,,,,,,,,,,,,,,,,,,,,,,,
,,,,,,,,,,,,,,,,,,,,,,,,,,,,,,,,,,,,,,,,,
,,,,,,,,,,,,,,,,,,,,,,,,,,,,,,,,,,,,,,,,,
,,,,,,,,,,,,,,,,,,,,,,,,,,,,,,,,,,,,,,,,,
,,,,,,,,,,,,,,,,,,,,,,,,,,,,,,,,,,,,,,,,,
,,,,,,,,,,,,,,,,,,,,,,,,,,,,,,,,,,,,,,,,,
,,,,,,,,,,,,,,,,,,,,,,,,,,,,,,,,,,,,,,,,,
,,,,,,,,,,,,,,,,,,,,,,,,,,,,,,,,,,,,,,,,,
,,,,,,,,,,,,,,,,,,,,,,,,,,,,,,,,,,,,,,,,,
,,,,,,,,,,,,,,,,,,,,,,,,,,,,,,,,,,,,,,,,,
,,,,,,,,,,,,,,,,,,,,,,,,,,,,,,,,,,,,,,,,,
,,,,,,,,,,,,,,,,,,,,,,,,,,,,,,,,,,,,,,,,,
,,,,,,,,,,,,,,,,,,,,,,,,,,,,,,,,,,,,,,,,,
,,,,,,,,,,,,,,,,,,,,,,,,,,,,,,,,,,,,,,,,,
,,,,,,,,,,,,,,,,,,,,,,,,,,,,,,,,,,,,,,,,,
,,,,,,,,,,,,,,,,,,,,,,,,,,,,,,,,,,,,,,,,,
,,,,,,,,,,,,,,,,,,,,,,,,,,,,,,,,,,,,,,,,,
,,,,,,,,,,,,,,,,,,,,,,,,,,,,,,,,,,,,,,,,,
,,,,,,,,,,,,,,,,,,,,,,,,,,,,,,,,,,,,,,,,,
,,,,,,,,,,,,,,,,,,,,,,,,,,,,,,,,,,,,,,,,,
,,,,,,,,,,,,,,,,,,,,,,,,,,,,,,,,,,,,,,,,,
,,,,,,,,,,,,,,,,,,,,,,,,,,,,,,,,,,,,,,,,,
,,,,,,,,,,,,,,,,,,,,,,,,,,,,,,,,,,,,,,,,,
,,,,,,,,,,,,,,,,,,,,,,,,,,,,,,,,,,,,,,,,,
,,,,,,,,,,,,,,,,,,,,,,,,,,,,,,,,,,,,,,,,,
,,,,,,,,,,,,,,,,,,,,,,,,,,,,,,,,,,,,,,,,,
,,,,,,,,,,,,,,,,,,,,,,,,,,,,,,,,,,,,,,,,,
,,,,,,,,,,,,,,,,,,,,,,,,,,,,,,,,,,,,,,,,,
,,,,,,,,,,,,,,,,,,,,,,,,,,,,,,,,,,,,,,,,,
,,,,,,,,,,,,,,,,,,,,,,,,,,,,,,,,,,,,,,,,,
,,,,,,,,,,,,,,,,,,,,,,,,,,,,,,,,,,,,,,,,,
,,,,,,,,,,,,,,,,,,,,,,,,,,,,,,,,,,,,,,,,,
,,,,,,,,,,,,,,,,,,,,,,,,,,,,,,,,,,,,,,,,,
,,,,,,,,,,,,,,,,,,,,,,,,,,,,,,,,,,,,,,,,,
,,,,,,,,,,,,,,,,,,,,,,,,,,,,,,,,,,,,,,,,,
,,,,,,,,,,,,,,,,,,,,,,,,,,,,,,,,,,,,,,,,,
,,,,,,,,,,,,,,,,,,,,,,,,,,,,,,,,,,,,,,,,,
,,,,,,,,,,,,,,,,,,,,,,,,,,,,,,,,,,,,,,,,,
,,,,,,,,,,,,,,,,,,,,,,,,,,,,,,,,,,,,,,,,,
,,,,,,,,,,,,,,,,,,,,,,,,,,,,,,,,,,,,,,,,,
,,,,,,,,,,,,,,,,,,,,,,,,,,,,,,,,,,,,,,,,,
,,,,,,,,,,,,,,,,,,,,,,,,,,,,,,,,,,,,,,,,,
,,,,,,,,,,,,,,,,,,,,,,,,,,,,,,,,,,,,,,,,,
,,,,,,,,,,,,,,,,,,,,,,,,,,,,,,,,,,,,,,,,,
,,,,,,,,,,,,,,,,,,,,,,,,,,,,,,,,,,,,,,,,,
,,,,,,,,,,,,,,,,,,,,,,,,,,,,,,,,,,,,,,,,,
,,,,,,,,,,,,,,,,,,,,,,,,,,,,,,,,,,,,,,,,,
,,,,,,,,,,,,,,,,,,,,,,,,,,,,,,,,,,,,,,,,,
,,,,,,,,,,,,,,,,,,,,,,,,,,,,,,,,,,,,,,,,,
,,,,,,,,,,,,,,,,,,,,,,,,,,,,,,,,,,,,,,,,,
,,,,,,,,,,,,,,,,,,,,,,,,,,,,,,,,,,,,,,,,,
,,,,,,,,,,,,,,,,,,,,,,,,,,,,,,,,,,,,,,,,,
,,,,,,,,,,,,,,,,,,,,,,,,,,,,,,,,,,,,,,,,,
,,,,,,,,,,,,,,,,,,,,,,,,,,,,,,,,,,,,,,,,,
,,,,,,,,,,,,,,,,,,,,,,,,,,,,,,,,,,,,,,,,,
,,,,,,,,,,,,,,,,,,,,,,,,,,,,,,,,,,,,,,,,,
,,,,,,,,,,,,,,,,,,,,,,,,,,,,,,,,,,,,,,,,,
,,,,,,,,,,,,,,,,,,,,,,,,,,,,,,,,,,,,,,,,,
,,,,,,,,,,,,,,,,,,,,,,,,,,,,,,,,,,,,,,,,,
,,,,,,,,,,,,,,,,,,,,,,,,,,,,,,,,,,,,,,,,,
,,,,,,,,,,,,,,,,,,,,,,,,,,,,,,,,,,,,,,,,,
,,,,,,,,,,,,,,,,,,,,,,,,,,,,,,,,,,,,,,,,,
,,,,,,,,,,,,,,,,,,,,,,,,,,,,,,,,,,,,,,,,,
,,,,,,,,,,,,,,,,,,,,,,,,,,,,,,,,,,,,,,,,,
,,,,,,,,,,,,,,,,,,,,,,,,,,,,,,,,,,,,,,,,,
,,,,,,,,,,,,,,,,,,,,,,,,,,,,,,,,,,,,,,,,,
,,,,,,,,,,,,,,,,,,,,,,,,,,,,,,,,,,,,,,,,,
,,,,,,,,,,,,,,,,,,,,,,,,,,,,,,,,,,,,,,,,,
,,,,,,,,,,,,,,,,,,,,,,,,,,,,,,,,,,,,,,,,,
,,,,,,,,,,,,,,,,,,,,,,,,,,,,,,,,,,,,,,,,,
,,,,,,,,,,,,,,,,,,,,,,,,,,,,,,,,,,,,,,,,,
,,,,,,,,,,,,,,,,,,,,,,,,,,,,,,,,,,,,,,,,,
,,,,,,,,,,,,,,,,,,,,,,,,,,,,,,,,,,,,,,,,,
,,,,,,,,,,,,,,,,,,,,,,,,,,,,,,,,,,,,,,,,,
,,,,,,,,,,,,,,,,,,,,,,,,,,,,,,,,,,,,,,,,,
,,,,,,,,,,,,,,,,,,,,,,,,,,,,,,,,,,,,,,,,,
,,,,,,,,,,,,,,,,,,,,,,,,,,,,,,,,,,,,,,,,,
,,,,,,,,,,,,,,,,,,,,,,,,,,,,,,,,,,,,,,,,,
,,,,,,,,,,,,,,,,,,,,,,,,,,,,,,,,,,,,,,,,,
,,,,,,,,,,,,,,,,,,,,,,,,,,,,,,,,,,,,,,,,,
,,,,,,,,,,,,,,,,,,,,,,,,,,,,,,,,,,,,,,,,,
,,,,,,,,,,,,,,,,,,,,,,,,,,,,,,,,,,,,,,,,,
,,,,,,,,,,,,,,,,,,,,,,,,,,,,,,,,,,,,,,,,,
,,,,,,,,,,,,,,,,,,,,,,,,,,,,,,,,,,,,,,,,,
,,,,,,,,,,,,,,,,,,,,,,,,,,,,,,,,,,,,,,,,,
,,,,,,,,,,,,,,,,,,,,,,,,,,,,,,,,,,,,,,,,,
,,,,,,,,,,,,,,,,,,,,,,,,,,,,,,,,,,,,,,,,,
,,,,,,,,,,,,,,,,,,,,,,,,,,,,,,,,,,,,,,,,,
,,,,,,,,,,,,,,,,,,,,,,,,,,,,,,,,,,,,,,,,,
,,,,,,,,,,,,,,,,,,,,,,,,,,,,,,,,,,,,,,,,,
,,,,,,,,,,,,,,,,,,,,,,,,,,,,,,,,,,,,,,,,,
,,,,,,,,,,,,,,,,,,,,,,,,,,,,,,,,,,,,,,,,,
,,,,,,,,,,,,,,,,,,,,,,,,,,,,,,,,,,,,,,,,,
,,,,,,,,,,,,,,,,,,,,,,,,,,,,,,,,,,,,,,,,,
,,,,,,,,,,,,,,,,,,,,,,,,,,,,,,,,,,,,,,,,,
,,,,,,,,,,,,,,,,,,,,,,,,,,,,,,,,,,,,,,,,,
,,,,,,,,,,,,,,,,,,,,,,,,,,,,,,,,,,,,,,,,,
,,,,,,,,,,,,,,,,,,,,,,,,,,,,,,,,,,,,,,,,,
,,,,,,,,,,,,,,,,,,,,,,,,,,,,,,,,,,,,,,,,,
,,,,,,,,,,,,,,,,,,,,,,,,,,,,,,,,,,,,,,,,,
,,,,,,,,,,,,,,,,,,,,,,,,,,,,,,,,,,,,,,,,,
,,,,,,,,,,,,,,,,,,,,,,,,,,,,,,,,,,,,,,,,,
,,,,,,,,,,,,,,,,,,,,,,,,,,,,,,,,,,,,,,,,,
,,,,,,,,,,,,,,,,,,,,,,,,,,,,,,,,,,,,,,,,,
,,,,,,,,,,,,,,,,,,,,,,,,,,,,,,,,,,,,,,,,,
,,,,,,,,,,,,,,,,,,,,,,,,,,,,,,,,,,,,,,,,,
,,,,,,,,,,,,,,,,,,,,,,,,,,,,,,,,,,,,,,,,,
,,,,,,,,,,,,,,,,,,,,,,,,,,,,,,,,,,,,,,,,,
,,,,,,,,,,,,,,,,,,,,,,,,,,,,,,,,,,,,,,,,,
,,,,,,,,,,,,,,,,,,,,,,,,,,,,,,,,,,,,,,,,,
,,,,,,,,,,,,,,,,,,,,,,,,,,,,,,,,,,,,,,,,,
,,,,,,,,,,,,,,,,,,,,,,,,,,,,,,,,,,,,,,,,,
,,,,,,,,,,,,,,,,,,,,,,,,,,,,,,,,,,,,,,,,,
,,,,,,,,,,,,,,,,,,,,,,,,,,,,,,,,,,,,,,,,,
,,,,,,,,,,,,,,,,,,,,,,,,,,,,,,,,,,,,,,,,,
,,,,,,,,,,,,,,,,,,,,,,,,,,,,,,,,,,,,,,,,,
,,,,,,,,,,,,,,,,,,,,,,,,,,,,,,,,,,,,,,,,,
,,,,,,,,,,,,,,,,,,,,,,,,,,,,,,,,,,,,,,,,,
,,,,,,,,,,,,,,,,,,,,,,,,,,,,,,,,,,,,,,,,,
,,,,,,,,,,,,,,,,,,,,,,,,,,,,,,,,,,,,,,,,,
,,,,,,,,,,,,,,,,,,,,,,,,,,,,,,,,,,,,,,,,,
,,,,,,,,,,,,,,,,,,,,,,,,,,,,,,,,,,,,,,,,,
,,,,,,,,,,,,,,,,,,,,,,,,,,,,,,,,,,,,,,,,,
,,,,,,,,,,,,,,,,,,,,,,,,,,,,,,,,,,,,,,,,,
,,,,,,,,,,,,,,,,,,,,,,,,,,,,,,,,,,,,,,,,,
,,,,,,,,,,,,,,,,,,,,,,,,,,,,,,,,,,,,,,,,,
,,,,,,,,,,,,,,,,,,,,,,,,,,,,,,,,,,,,,,,,,
,,,,,,,,,,,,,,,,,,,,,,,,,,,,,,,,,,,,,,,,,
,,,,,,,,,,,,,,,,,,,,,,,,,,,,,,,,,,,,,,,,,
,,,,,,,,,,,,,,,,,,,,,,,,,,,,,,,,,,,,,,,,,
,,,,,,,,,,,,,,,,,,,,,,,,,,,,,,,,,,,,,,,,,
,,,,,,,,,,,,,,,,,,,,,,,,,,,,,,,,,,,,,,,,,
,,,,,,,,,,,,,,,,,,,,,,,,,,,,,,,,,,,,,,,,,
,,,,,,,,,,,,,,,,,,,,,,,,,,,,,,,,,,,,,,,,,
,,,,,,,,,,,,,,,,,,,,,,,,,,,,,,,,,,,,,,,,,
,,,,,,,,,,,,,,,,,,,,,,,,,,,,,,,,,,,,,,,,,
,,,,,,,,,,,,,,,,,,,,,,,,,,,,,,,,,,,,,,,,,
,,,,,,,,,,,,,,,,,,,,,,,,,,,,,,,,,,,,,,,,,
,,,,,,,,,,,,,,,,,,,,,,,,,,,,,,,,,,,,,,,,,
,,,,,,,,,,,,,,,,,,,,,,,,,,,,,,,,,,,,,,,,,
,,,,,,,,,,,,,,,,,,,,,,,,,,,,,,,,,,,,,,,,,
,,,,,,,,,,,,,,,,,,,,,,,,,,,,,,,,,,,,,,,,,
,,,,,,,,,,,,,,,,,,,,,,,,,,,,,,,,,,,,,,,,,
,,,,,,,,,,,,,,,,,,,,,,,,,,,,,,,,,,,,,,,,,
,,,,,,,,,,,,,,,,,,,,,,,,,,,,,,,,,,,,,,,,,
,,,,,,,,,,,,,,,,,,,,,,,,,,,,,,,,,,,,,,,,,
,,,,,,,,,,,,,,,,,,,,,,,,,,,,,,,,,,,,,,,,,
,,,,,,,,,,,,,,,,,,,,,,,,,,,,,,,,,,,,,,,,,
,,,,,,,,,,,,,,,,,,,,,,,,,,,,,,,,,,,,,,,,,
,,,,,,,,,,,,,,,,,,,,,,,,,,,,,,,,,,,,,,,,,
,,,,,,,,,,,,,,,,,,,,,,,,,,,,,,,,,,,,,,,,,
,,,,,,,,,,,,,,,,,,,,,,,,,,,,,,,,,,,,,,,,,
,,,,,,,,,,,,,,,,,,,,,,,,,,,,,,,,,,,,,,,,,
,,,,,,,,,,,,,,,,,,,,,,,,,,,,,,,,,,,,,,,,,
,,,,,,,,,,,,,,,,,,,,,,,,,,,,,,,,,,,,,,,,,
,,,,,,,,,,,,,,,,,,,,,,,,,,,,,,,,,,,,,,,,,
,,,,,,,,,,,,,,,,,,,,,,,,,,,,,,,,,,,,,,,,,
,,,,,,,,,,,,,,,,,,,,,,,,,,,,,,,,,,,,,,,,,
,,,,,,,,,,,,,,,,,,,,,,,,,,,,,,,,,,,,,,,,,
,,,,,,,,,,,,,,,,,,,,,,,,,,,,,,,,,,,,,,,,,
,,,,,,,,,,,,,,,,,,,,,,,,,,,,,,,,,,,,,,,,,
,,,,,,,,,,,,,,,,,,,,,,,,,,,,,,,,,,,,,,,,,
,,,,,,,,,,,,,,,,,,,,,,,,,,,,,,,,,,,,,,,,,
,,,,,,,,,,,,,,,,,,,,,,,,,,,,,,,,,,,,,,,,,
,,,,,,,,,,,,,,,,,,,,,,,,,,,,,,,,,,,,,,,,,
,,,,,,,,,,,,,,,,,,,,,,,,,,,,,,,,,,,,,,,,,
,,,,,,,,,,,,,,,,,,,,,,,,,,,,,,,,,,,,,,,,,
,,,,,,,,,,,,,,,,,,,,,,,,,,,,,,,,,,,,,,,,,
,,,,,,,,,,,,,,,,,,,,,,,,,,,,,,,,,,,,,,,,,
,,,,,,,,,,,,,,,,,,,,,,,,,,,,,,,,,,,,,,,,,
,,,,,,,,,,,,,,,,,,,,,,,,,,,,,,,,,,,,,,,,,
,,,,,,,,,,,,,,,,,,,,,,,,,,,,,,,,,,,,,,,,,
,,,,,,,,,,,,,,,,,,,,,,,,,,,,,,,,,,,,,,,,,
,,,,,,,,,,,,,,,,,,,,,,,,,,,,,,,,,,,,,,,,,
,,,,,,,,,,,,,,,,,,,,,,,,,,,,,,,,,,,,,,,,,
,,,,,,,,,,,,,,,,,,,,,,,,,,,,,,,,,,,,,,,,,
,,,,,,,,,,,,,,,,,,,,,,,,,,,,,,,,,,,,,,,,,
,,,,,,,,,,,,,,,,,,,,,,,,,,,,,,,,,,,,,,,,,
,,,,,,,,,,,,,,,,,,,,,,,,,,,,,,,,,,,,,,,,,
,,,,,,,,,,,,,,,,,,,,,,,,,,,,,,,,,,,,,,,,,
,,,,,,,,,,,,,,,,,,,,,,,,,,,,,,,,,,,,,,,,,
,,,,,,,,,,,,,,,,,,,,,,,,,,,,,,,,,,,,,,,,,
,,,,,,,,,,,,,,,,,,,,,,,,,,,,,,,,,,,,,,,,,
,,,,,,,,,,,,,,,,,,,,,,,,,,,,,,,,,,,,,,,,,
,,,,,,,,,,,,,,,,,,,,,,,,,,,,,,,,,,,,,,,,,
,,,,,,,,,,,,,,,,,,,,,,,,,,,,,,,,,,,,,,,,,
,,,,,,,,,,,,,,,,,,,,,,,,,,,,,,,,,,,,,,,,,
,,,,,,,,,,,,,,,,,,,,,,,,,,,,,,,,,,,,,,,,,
,,,,,,,,,,,,,,,,,,,,,,,,,,,,,,,,,,,,,,,,,
,,,,,,,,,,,,,,,,,,,,,,,,,,,,,,,,,,,,,,,,,
,,,,,,,,,,,,,,,,,,,,,,,,,,,,,,,,,,,,,,,,,
,,,,,,,,,,,,,,,,,,,,,,,,,,,,,,,,,,,,,,,,,
,,,,,,,,,,,,,,,,,,,,,,,,,,,,,,,,,,,,,,,,,
,,,,,,,,,,,,,,,,,,,,,,,,,,,,,,,,,,,,,,,,,
,,,,,,,,,,,,,,,,,,,,,,,,,,,,,,,,,,,,,,,,,
,,,,,,,,,,,,,,,,,,,,,,,,,,,,,,,,,,,,,,,,,
,,,,,,,,,,,,,,,,,,,,,,,,,,,,,,,,,,,,,,,,,
,,,,,,,,,,,,,,,,,,,,,,,,,,,,,,,,,,,,,,,,,
,,,,,,,,,,,,,,,,,,,,,,,,,,,,,,,,,,,,,,,,,
,,,,,,,,,,,,,,,,,,,,,,,,,,,,,,,,,,,,,,,,,
,,,,,,,,,,,,,,,,,,,,,,,,,,,,,,,,,,,,,,,,,
,,,,,,,,,,,,,,,,,,,,,,,,,,,,,,,,,,,,,,,,,
,,,,,,,,,,,,,,,,,,,,,,,,,,,,,,,,,,,,,,,,,
,,,,,,,,,,,,,,,,,,,,,,,,,,,,,,,,,,,,,,,,,
,,,,,,,,,,,,,,,,,,,,,,,,,,,,,,,,,,,,,,,,,
,,,,,,,,,,,,,,,,,,,,,,,,,,,,,,,,,,,,,,,,,
,,,,,,,,,,,,,,,,,,,,,,,,,,,,,,,,,,,,,,,,,
,,,,,,,,,,,,,,,,,,,,,,,,,,,,,,,,,,,,,,,,,
,,,,,,,,,,,,,,,,,,,,,,,,,,,,,,,,,,,,,,,,,
,,,,,,,,,,,,,,,,,,,,,,,,,,,,,,,,,,,,,,,,,
,,,,,,,,,,,,,,,,,,,,,,,,,,,,,,,,,,,,,,,,,
,,,,,,,,,,,,,,,,,,,,,,,,,,,,,,,,,,,,,,,,,
,,,,,,,,,,,,,,,,,,,,,,,,,,,,,,,,,,,,,,,,,
,,,,,,,,,,,,,,,,,,,,,,,,,,,,,,,,,,,,,,,,,
,,,,,,,,,,,,,,,,,,,,,,,,,,,,,,,,,,,,,,,,,
,,,,,,,,,,,,,,,,,,,,,,,,,,,,,,,,,,,,,,,,,
,,,,,,,,,,,,,,,,,,,,,,,,,,,,,,,,,,,,,,,,,
,,,,,,,,,,,,,,,,,,,,,,,,,,,,,,,,,,,,,,,,,
,,,,,,,,,,,,,,,,,,,,,,,,,,,,,,,,,,,,,,,,,
,,,,,,,,,,,,,,,,,,,,,,,,,,,,,,,,,,,,,,,,,
,,,,,,,,,,,,,,,,,,,,,,,,,,,,,,,,,,,,,,,,,
,,,,,,,,,,,,,,,,,,,,,,,,,,,,,,,,,,,,,,,,,
,,,,,,,,,,,,,,,,,,,,,,,,,,,,,,,,,,,,,,,,,
,,,,,,,,,,,,,,,,,,,,,,,,,,,,,,,,,,,,,,,,,
,,,,,,,,,,,,,,,,,,,,,,,,,,,,,,,,,,,,,,,,,
,,,,,,,,,,,,,,,,,,,,,,,,,,,,,,,,,,,,,,,,,
,,,,,,,,,,,,,,,,,,,,,,,,,,,,,,,,,,,,,,,,,
,,,,,,,,,,,,,,,,,,,,,,,,,,,,,,,,,,,,,,,,,
,,,,,,,,,,,,,,,,,,,,,,,,,,,,,,,,,,,,,,,,,
,,,,,,,,,,,,,,,,,,,,,,,,,,,,,,,,,,,,,,,,,
,,,,,,,,,,,,,,,,,,,,,,,,,,,,,,,,,,,,,,,,,
,,,,,,,,,,,,,,,,,,,,,,,,,,,,,,,,,,,,,,,,,
,,,,,,,,,,,,,,,,,,,,,,,,,,,,,,,,,,,,,,,,,
,,,,,,,,,,,,,,,,,,,,,,,,,,,,,,,,,,,,,,,,,
,,,,,,,,,,,,,,,,,,,,,,,,,,,,,,,,,,,,,,,,,
,,,,,,,,,,,,,,,,,,,,,,,,,,,,,,,,,,,,,,,,,
,,,,,,,,,,,,,,,,,,,,,,,,,,,,,,,,,,,,,,,,,
,,,,,,,,,,,,,,,,,,,,,,,,,,,,,,,,,,,,,,,,,
,,,,,,,,,,,,,,,,,,,,,,,,,,,,,,,,,,,,,,,,,
,,,,,,,,,,,,,,,,,,,,,,,,,,,,,,,,,,,,,,,,,
,,,,,,,,,,,,,,,,,,,,,,,,,,,,,,,,,,,,,,,,,
,,,,,,,,,,,,,,,,,,,,,,,,,,,,,,,,,,,,,,,,,
,,,,,,,,,,,,,,,,,,,,,,,,,,,,,,,,,,,,,,,,,
,,,,,,,,,,,,,,,,,,,,,,,,,,,,,,,,,,,,,,,,,
,,,,,,,,,,,,,,,,,,,,,,,,,,,,,,,,,,,,,,,,,
,,,,,,,,,,,,,,,,,,,,,,,,,,,,,,,,,,,,,,,,,
,,,,,,,,,,,,,,,,,,,,,,,,,,,,,,,,,,,,,,,,,
,,,,,,,,,,,,,,,,,,,,,,,,,,,,,,,,,,,,,,,,,
,,,,,,,,,,,,,,,,,,,,,,,,,,,,,,,,,,,,,,,,,
,,,,,,,,,,,,,,,,,,,,,,,,,,,,,,,,,,,,,,,,,
,,,,,,,,,,,,,,,,,,,,,,,,,,,,,,,,,,,,,,,,,
,,,,,,,,,,,,,,,,,,,,,,,,,,,,,,,,,,,,,,,,,
,,,,,,,,,,,,,,,,,,,,,,,,,,,,,,,,,,,,,,,,,
,,,,,,,,,,,,,,,,,,,,,,,,,,,,,,,,,,,,,,,,,
,,,,,,,,,,,,,,,,,,,,,,,,,,,,,,,,,,,,,,,,,
,,,,,,,,,,,,,,,,,,,,,,,,,,,,,,,,,,,,,,,,,
,,,,,,,,,,,,,,,,,,,,,,,,,,,,,,,,,,,,,,,,,
,,,,,,,,,,,,,,,,,,,,,,,,,,,,,,,,,,,,,,,,,
,,,,,,,,,,,,,,,,,,,,,,,,,,,,,,,,,,,,,,,,,
,,,,,,,,,,,,,,,,,,,,,,,,,,,,,,,,,,,,,,,,,
,,,,,,,,,,,,,,,,,,,,,,,,,,,,,,,,,,,,,,,,,
,,,,,,,,,,,,,,,,,,,,,,,,,,,,,,,,,,,,,,,,,
,,,,,,,,,,,,,,,,,,,,,,,,,,,,,,,,,,,,,,,,,
,,,,,,,,,,,,,,,,,,,,,,,,,,,,,,,,,,,,,,,,,
,,,,,,,,,,,,,,,,,,,,,,,,,,,,,,,,,,,,,,,,,
,,,,,,,,,,,,,,,,,,,,,,,,,,,,,,,,,,,,,,,,,
,,,,,,,,,,,,,,,,,,,,,,,,,,,,,,,,,,,,,,,,,
,,,,,,,,,,,,,,,,,,,,,,,,,,,,,,,,,,,,,,,,,
,,,,,,,,,,,,,,,,,,,,,,,,,,,,,,,,,,,,,,,,,
,,,,,,,,,,,,,,,,,,,,,,,,,,,,,,,,,,,,,,,,,
,,,,,,,,,,,,,,,,,,,,,,,,,,,,,,,,,,,,,,,,,
,,,,,,,,,,,,,,,,,,,,,,,,,,,,,,,,,,,,,,,,,
,,,,,,,,,,,,,,,,,,,,,,,,,,,,,,,,,,,,,,,,,
,,,,,,,,,,,,,,,,,,,,,,,,,,,,,,,,,,,,,,,,,
,,,,,,,,,,,,,,,,,,,,,,,,,,,,,,,,,,,,,,,,,
,,,,,,,,,,,,,,,,,,,,,,,,,,,,,,,,,,,,,,,,,
,,,,,,,,,,,,,,,,,,,,,,,,,,,,,,,,,,,,,,,,,
,,,,,,,,,,,,,,,,,,,,,,,,,,,,,,,,,,,,,,,,,
,,,,,,,,,,,,,,,,,,,,,,,,,,,,,,,,,,,,,,,,,
,,,,,,,,,,,,,,,,,,,,,,,,,,,,,,,,,,,,,,,,,
,,,,,,,,,,,,,,,,,,,,,,,,,,,,,,,,,,,,,,,,,
,,,,,,,,,,,,,,,,,,,,,,,,,,,,,,,,,,,,,,,,,
,,,,,,,,,,,,,,,,,,,,,,,,,,,,,,,,,,,,,,,,,
,,,,,,,,,,,,,,,,,,,,,,,,,,,,,,,,,,,,,,,,,
,,,,,,,,,,,,,,,,,,,,,,,,,,,,,,,,,,,,,,,,,
,,,,,,,,,,,,,,,,,,,,,,,,,,,,,,,,,,,,,,,,,
,,,,,,,,,,,,,,,,,,,,,,,,,,,,,,,,,,,,,,,,,
,,,,,,,,,,,,,,,,,,,,,,,,,,,,,,,,,,,,,,,,,
,,,,,,,,,,,,,,,,,,,,,,,,,,,,,,,,,,,,,,,,,
,,,,,,,,,,,,,,,,,,,,,,,,,,,,,,,,,,,,,,,,,
,,,,,,,,,,,,,,,,,,,,,,,,,,,,,,,,,,,,,,,,,
,,,,,,,,,,,,,,,,,,,,,,,,,,,,,,,,,,,,,,,,,
,,,,,,,,,,,,,,,,,,,,,,,,,,,,,,,,,,,,,,,,,
,,,,,,,,,,,,,,,,,,,,,,,,,,,,,,,,,,,,,,,,,
,,,,,,,,,,,,,,,,,,,,,,,,,,,,,,,,,,,,,,,,,
,,,,,,,,,,,,,,,,,,,,,,,,,,,,,,,,,,,,,,,,,
,,,,,,,,,,,,,,,,,,,,,,,,,,,,,,,,,,,,,,,,,
,,,,,,,,,,,,,,,,,,,,,,,,,,,,,,,,,,,,,,,,,
,,,,,,,,,,,,,,,,,,,,,,,,,,,,,,,,,,,,,,,,,
,,,,,,,,,,,,,,,,,,,,,,,,,,,,,,,,,,,,,,,,,
,,,,,,,,,,,,,,,,,,,,,,,,,,,,,,,,,,,,,,,,,
,,,,,,,,,,,,,,,,,,,,,,,,,,,,,,,,,,,,,,,,,
,,,,,,,,,,,,,,,,,,,,,,,,,,,,,,,,,,,,,,,,,
,,,,,,,,,,,,,,,,,,,,,,,,,,,,,,,,,,,,,,,,,
,,,,,,,,,,,,,,,,,,,,,,,,,,,,,,,,,,,,,,,,,
,,,,,,,,,,,,,,,,,,,,,,,,,,,,,,,,,,,,,,,,,
,,,,,,,,,,,,,,,,,,,,,,,,,,,,,,,,,,,,,,,,,
,,,,,,,,,,,,,,,,,,,,,,,,,,,,,,,,,,,,,,,,,
,,,,,,,,,,,,,,,,,,,,,,,,,,,,,,,,,,,,,,,,,
,,,,,,,,,,,,,,,,,,,,,,,,,,,,,,,,,,,,,,,,,
,,,,,,,,,,,,,,,,,,,,,,,,,,,,,,,,,,,,,,,,,
,,,,,,,,,,,,,,,,,,,,,,,,,,,,,,,,,,,,,,,,,
,,,,,,,,,,,,,,,,,,,,,,,,,,,,,,,,,,,,,,,,,
,,,,,,,,,,,,,,,,,,,,,,,,,,,,,,,,,,,,,,,,,
,,,,,,,,,,,,,,,,,,,,,,,,,,,,,,,,,,,,,,,,,
,,,,,,,,,,,,,,,,,,,,,,,,,,,,,,,,,,,,,,,,,
,,,,,,,,,,,,,,,,,,,,,,,,,,,,,,,,,,,,,,,,,
,,,,,,,,,,,,,,,,,,,,,,,,,,,,,,,,,,,,,,,,,
,,,,,,,,,,,,,,,,,,,,,,,,,,,,,,,,,,,,,,,,,
,,,,,,,,,,,,,,,,,,,,,,,,,,,,,,,,,,,,,,,,,
,,,,,,,,,,,,,,,,,,,,,,,,,,,,,,,,,,,,,,,,,
,,,,,,,,,,,,,,,,,,,,,,,,,,,,,,,,,,,,,,,,,
,,,,,,,,,,,,,,,,,,,,,,,,,,,,,,,,,,,,,,,,,
,,,,,,,,,,,,,,,,,,,,,,,,,,,,,,,,,,,,,,,,,
,,,,,,,,,,,,,,,,,,,,,,,,,,,,,,,,,,,,,,,,,
,,,,,,,,,,,,,,,,,,,,,,,,,,,,,,,,,,,,,,,,,
,,,,,,,,,,,,,,,,,,,,,,,,,,,,,,,,,,,,,,,,,
,,,,,,,,,,,,,,,,,,,,,,,,,,,,,,,,,,,,,,,,,
,,,,,,,,,,,,,,,,,,,,,,,,,,,,,,,,,,,,,,,,,
,,,,,,,,,,,,,,,,,,,,,,,,,,,,,,,,,,,,,,,,,
,,,,,,,,,,,,,,,,,,,,,,,,,,,,,,,,,,,,,,,,,
,,,,,,,,,,,,,,,,,,,,,,,,,,,,,,,,,,,,,,,,,
,,,,,,,,,,,,,,,,,,,,,,,,,,,,,,,,,,,,,,,,,
,,,,,,,,,,,,,,,,,,,,,,,,,,,,,,,,,,,,,,,,,
,,,,,,,,,,,,,,,,,,,,,,,,,,,,,,,,,,,,,,,,,
,,,,,,,,,,,,,,,,,,,,,,,,,,,,,,,,,,,,,,,,,
,,,,,,,,,,,,,,,,,,,,,,,,,,,,,,,,,,,,,,,,,
,,,,,,,,,,,,,,,,,,,,,,,,,,,,,,,,,,,,,,,,,
,,,,,,,,,,,,,,,,,,,,,,,,,,,,,,,,,,,,,,,,,
,,,,,,,,,,,,,,,,,,,,,,,,,,,,,,,,,,,,,,,,,
,,,,,,,,,,,,,,,,,,,,,,,,,,,,,,,,,,,,,,,,,
,,,,,,,,,,,,,,,,,,,,,,,,,,,,,,,,,,,,,,,,,
,,,,,,,,,,,,,,,,,,,,,,,,,,,,,,,,,,,,,,,,,
,,,,,,,,,,,,,,,,,,,,,,,,,,,,,,,,,,,,,,,,,
,,,,,,,,,,,,,,,,,,,,,,,,,,,,,,,,,,,,,,,,,
,,,,,,,,,,,,,,,,,,,,,,,,,,,,,,,,,,,,,,,,,
,,,,,,,,,,,,,,,,,,,,,,,,,,,,,,,,,,,,,,,,,
,,,,,,,,,,,,,,,,,,,,,,,,,,,,,,,,,,,,,,,,,
,,,,,,,,,,,,,,,,,,,,,,,,,,,,,,,,,,,,,,,,,
,,,,,,,,,,,,,,,,,,,,,,,,,,,,,,,,,,,,,,,,,
,,,,,,,,,,,,,,,,,,,,,,,,,,,,,,,,,,,,,,,,,
,,,,,,,,,,,,,,,,,,,,,,,,,,,,,,,,,,,,,,,,,
,,,,,,,,,,,,,,,,,,,,,,,,,,,,,,,,,,,,,,,,,
,,,,,,,,,,,,,,,,,,,,,,,,,,,,,,,,,,,,,,,,,
,,,,,,,,,,,,,,,,,,,,,,,,,,,,,,,,,,,,,,,,,
,,,,,,,,,,,,,,,,,,,,,,,,,,,,,,,,,,,,,,,,,
,,,,,,,,,,,,,,,,,,,,,,,,,,,,,,,,,,,,,,,,,
,,,,,,,,,,,,,,,,,,,,,,,,,,,,,,,,,,,,,,,,,
,,,,,,,,,,,,,,,,,,,,,,,,,,,,,,,,,,,,,,,,,
,,,,,,,,,,,,,,,,,,,,,,,,,,,,,,,,,,,,,,,,,
,,,,,,,,,,,,,,,,,,,,,,,,,,,,,,,,,,,,,,,,,
,,,,,,,,,,,,,,,,,,,,,,,,,,,,,,,,,,,,,,,,,
,,,,,,,,,,,,,,,,,,,,,,,,,,,,,,,,,,,,,,,,,
,,,,,,,,,,,,,,,,,,,,,,,,,,,,,,,,,,,,,,,,,
,,,,,,,,,,,,,,,,,,,,,,,,,,,,,,,,,,,,,,,,,
,,,,,,,,,,,,,,,,,,,,,,,,,,,,,,,,,,,,,,,,,
,,,,,,,,,,,,,,,,,,,,,,,,,,,,,,,,,,,,,,,,,
,,,,,,,,,,,,,,,,,,,,,,,,,,,,,,,,,,,,,,,,,
,,,,,,,,,,,,,,,,,,,,,,,,,,,,,,,,,,,,,,,,,
,,,,,,,,,,,,,,,,,,,,,,,,,,,,,,,,,,,,,,,,,
,,,,,,,,,,,,,,,,,,,,,,,,,,,,,,,,,,,,,,,,,
,,,,,,,,,,,,,,,,,,,,,,,,,,,,,,,,,,,,,,,,,
,,,,,,,,,,,,,,,,,,,,,,,,,,,,,,,,,,,,,,,,,
,,,,,,,,,,,,,,,,,,,,,,,,,,,,,,,,,,,,,,,,,
,,,,,,,,,,,,,,,,,,,,,,,,,,,,,,,,,,,,,,,,,
,,,,,,,,,,,,,,,,,,,,,,,,,,,,,,,,,,,,,,,,,
,,,,,,,,,,,,,,,,,,,,,,,,,,,,,,,,,,,,,,,,,
,,,,,,,,,,,,,,,,,,,,,,,,,,,,,,,,,,,,,,,,,
,,,,,,,,,,,,,,,,,,,,,,,,,,,,,,,,,,,,,,,,,
,,,,,,,,,,,,,,,,,,,,,,,,,,,,,,,,,,,,,,,,,
,,,,,,,,,,,,,,,,,,,,,,,,,,,,,,,,,,,,,,,,,
,,,,,,,,,,,,,,,,,,,,,,,,,,,,,,,,,,,,,,,,,
,,,,,,,,,,,,,,,,,,,,,,,,,,,,,,,,,,,,,,,,,
,,,,,,,,,,,,,,,,,,,,,,,,,,,,,,,,,,,,,,,,,
,,,,,,,,,,,,,,,,,,,,,,,,,,,,,,,,,,,,,,,,,
,,,,,,,,,,,,,,,,,,,,,,,,,,,,,,,,,,,,,,,,,
,,,,,,,,,,,,,,,,,,,,,,,,,,,,,,,,,,,,,,,,,
,,,,,,,,,,,,,,,,,,,,,,,,,,,,,,,,,,,,,,,,,
,,,,,,,,,,,,,,,,,,,,,,,,,,,,,,,,,,,,,,,,,
,,,,,,,,,,,,,,,,,,,,,,,,,,,,,,,,,,,,,,,,,
,,,,,,,,,,,,,,,,,,,,,,,,,,,,,,,,,,,,,,,,,
,,,,,,,,,,,,,,,,,,,,,,,,,,,,,,,,,,,,,,,,,
,,,,,,,,,,,,,,,,,,,,,,,,,,,,,,,,,,,,,,,,,
,,,,,,,,,,,,,,,,,,,,,,,,,,,,,,,,,,,,,,,,,
,,,,,,,,,,,,,,,,,,,,,,,,,,,,,,,,,,,,,,,,,
,,,,,,,,,,,,,,,,,,,,,,,,,,,,,,,,,,,,,,,,,
,,,,,,,,,,,,,,,,,,,,,,,,,,,,,,,,,,,,,,,,,
,,,,,,,,,,,,,,,,,,,,,,,,,,,,,,,,,,,,,,,,,
,,,,,,,,,,,,,,,,,,,,,,,,,,,,,,,,,,,,,,,,,
,,,,,,,,,,,,,,,,,,,,,,,,,,,,,,,,,,,,,,,,,
,,,,,,,,,,,,,,,,,,,,,,,,,,,,,,,,,,,,,,,,,
,,,,,,,,,,,,,,,,,,,,,,,,,,,,,,,,,,,,,,,,,
,,,,,,,,,,,,,,,,,,,,,,,,,,,,,,,,,,,,,,,,,
,,,,,,,,,,,,,,,,,,,,,,,,,,,,,,,,,,,,,,,,,
,,,,,,,,,,,,,,,,,,,,,,,,,,,,,,,,,,,,,,,,,
,,,,,,,,,,,,,,,,,,,,,,,,,,,,,,,,,,,,,,,,,
,,,,,,,,,,,,,,,,,,,,,,,,,,,,,,,,,,,,,,,,,
,,,,,,,,,,,,,,,,,,,,,,,,,,,,,,,,,,,,,,,,,
,,,,,,,,,,,,,,,,,,,,,,,,,,,,,,,,,,,,,,,,,
,,,,,,,,,,,,,,,,,,,,,,,,,,,,,,,,,,,,,,,,,
,,,,,,,,,,,,,,,,,,,,,,,,,,,,,,,,,,,,,,,,,
,,,,,,,,,,,,,,,,,,,,,,,,,,,,,,,,,,,,,,,,,
,,,,,,,,,,,,,,,,,,,,,,,,,,,,,,,,,,,,,,,,,
,,,,,,,,,,,,,,,,,,,,,,,,,,,,,,,,,,,,,,,,,
,,,,,,,,,,,,,,,,,,,,,,,,,,,,,,,,,,,,,,,,,
,,,,,,,,,,,,,,,,,,,,,,,,,,,,,,,,,,,,,,,,,
,,,,,,,,,,,,,,,,,,,,,,,,,,,,,,,,,,,,,,,,,
,,,,,,,,,,,,,,,,,,,,,,,,,,,,,,,,,,,,,,,,,
,,,,,,,,,,,,,,,,,,,,,,,,,,,,,,,,,,,,,,,,,
,,,,,,,,,,,,,,,,,,,,,,,,,,,,,,,,,,,,,,,,,
,,,,,,,,,,,,,,,,,,,,,,,,,,,,,,,,,,,,,,,,,
,,,,,,,,,,,,,,,,,,,,,,,,,,,,,,,,,,,,,,,,,
,,,,,,,,,,,,,,,,,,,,,,,,,,,,,,,,,,,,,,,,,
,,,,,,,,,,,,,,,,,,,,,,,,,,,,,,,,,,,,,,,,,
,,,,,,,,,,,,,,,,,,,,,,,,,,,,,,,,,,,,,,,,,
,,,,,,,,,,,,,,,,,,,,,,,,,,,,,,,,,,,,,,,,,
,,,,,,,,,,,,,,,,,,,,,,,,,,,,,,,,,,,,,,,,,
,,,,,,,,,,,,,,,,,,,,,,,,,,,,,,,,,,,,,,,,,
,,,,,,,,,,,,,,,,,,,,,,,,,,,,,,,,,,,,,,,,,
,,,,,,,,,,,,,,,,,,,,,,,,,,,,,,,,,,,,,,,,,
,,,,,,,,,,,,,,,,,,,,,,,,,,,,,,,,,,,,,,,,,
,,,,,,,,,,,,,,,,,,,,,,,,,,,,,,,,,,,,,,,,,
,,,,,,,,,,,,,,,,,,,,,,,,,,,,,,,,,,,,,,,,,
,,,,,,,,,,,,,,,,,,,,,,,,,,,,,,,,,,,,,,,,,
,,,,,,,,,,,,,,,,,,,,,,,,,,,,,,,,,,,,,,,,,
,,,,,,,,,,,,,,,,,,,,,,,,,,,,,,,,,,,,,,,,,
,,,,,,,,,,,,,,,,,,,,,,,,,,,,,,,,,,,,,,,,,
,,,,,,,,,,,,,,,,,,,,,,,,,,,,,,,,,,,,,,,,,
,,,,,,,,,,,,,,,,,,,,,,,,,,,,,,,,,,,,,,,,,
,,,,,,,,,,,,,,,,,,,,,,,,,,,,,,,,,,,,,,,,,
,,,,,,,,,,,,,,,,,,,,,,,,,,,,,,,,,,,,,,,,,
,,,,,,,,,,,,,,,,,,,,,,,,,,,,,,,,,,,,,,,,,
,,,,,,,,,,,,,,,,,,,,,,,,,,,,,,,,,,,,,,,,,
,,,,,,,,,,,,,,,,,,,,,,,,,,,,,,,,,,,,,,,,,
,,,,,,,,,,,,,,,,,,,,,,,,,,,,,,,,,,,,,,,,,
,,,,,,,,,,,,,,,,,,,,,,,,,,,,,,,,,,,,,,,,,
,,,,,,,,,,,,,,,,,,,,,,,,,,,,,,,,,,,,,,,,,
,,,,,,,,,,,,,,,,,,,,,,,,,,,,,,,,,,,,,,,,,
,,,,,,,,,,,,,,,,,,,,,,,,,,,,,,,,,,,,,,,,,
,,,,,,,,,,,,,,,,,,,,,,,,,,,,,,,,,,,,,,,,,
,,,,,,,,,,,,,,,,,,,,,,,,,,,,,,,,,,,,,,,,,
,,,,,,,,,,,,,,,,,,,,,,,,,,,,,,,,,,,,,,,,,
,,,,,,,,,,,,,,,,,,,,,,,,,,,,,,,,,,,,,,,,,
,,,,,,,,,,,,,,,,,,,,,,,,,,,,,,,,,,,,,,,,,
,,,,,,,,,,,,,,,,,,,,,,,,,,,,,,,,,,,,,,,,,
,,,,,,,,,,,,,,,,,,,,,,,,,,,,,,,,,,,,,,,,,
,,,,,,,,,,,,,,,,,,,,,,,,,,,,,,,,,,,,,,,,,
,,,,,,,,,,,,,,,,,,,,,,,,,,,,,,,,,,,,,,,,,
,,,,,,,,,,,,,,,,,,,,,,,,,,,,,,,,,,,,,,,,,
,,,,,,,,,,,,,,,,,,,,,,,,,,,,,,,,,,,,,,,,,
,,,,,,,,,,,,,,,,,,,,,,,,,,,,,,,,,,,,,,,,,
,,,,,,,,,,,,,,,,,,,,,,,,,,,,,,,,,,,,,,,,,
,,,,,,,,,,,,,,,,,,,,,,,,,,,,,,,,,,,,,,,,,
,,,,,,,,,,,,,,,,,,,,,,,,,,,,,,,,,,,,,,,,,
,,,,,,,,,,,,,,,,,,,,,,,,,,,,,,,,,,,,,,,,,
,,,,,,,,,,,,,,,,,,,,,,,,,,,,,,,,,,,,,,,,,
,,,,,,,,,,,,,,,,,,,,,,,,,,,,,,,,,,,,,,,,,
,,,,,,,,,,,,,,,,,,,,,,,,,,,,,,,,,,,,,,,,,
,,,,,,,,,,,,,,,,,,,,,,,,,,,,,,,,,,,,,,,,,
,,,,,,,,,,,,,,,,,,,,,,,,,,,,,,,,,,,,,,,,,
,,,,,,,,,,,,,,,,,,,,,,,,,,,,,,,,,,,,,,,,,
,,,,,,,,,,,,,,,,,,,,,,,,,,,,,,,,,,,,,,,,,
,,,,,,,,,,,,,,,,,,,,,,,,,,,,,,,,,,,,,,,,,
,,,,,,,,,,,,,,,,,,,,,,,,,,,,,,,,,,,,,,,,,
,,,,,,,,,,,,,,,,,,,,,,,,,,,,,,,,,,,,,,,,,
,,,,,,,,,,,,,,,,,,,,,,,,,,,,,,,,,,,,,,,,,
,,,,,,,,,,,,,,,,,,,,,,,,,,,,,,,,,,,,,,,,,
,,,,,,,,,,,,,,,,,,,,,,,,,,,,,,,,,,,,,,,,,
,,,,,,,,,,,,,,,,,,,,,,,,,,,,,,,,,,,,,,,,,
,,,,,,,,,,,,,,,,,,,,,,,,,,,,,,,,,,,,,,,,,
,,,,,,,,,,,,,,,,,,,,,,,,,,,,,,,,,,,,,,,,,
,,,,,,,,,,,,,,,,,,,,,,,,,,,,,,,,,,,,,,,,,
,,,,,,,,,,,,,,,,,,,,,,,,,,,,,,,,,,,,,,,,,
,,,,,,,,,,,,,,,,,,,,,,,,,,,,,,,,,,,,,,,,,
,,,,,,,,,,,,,,,,,,,,,,,,,,,,,,,,,,,,,,,,,
,,,,,,,,,,,,,,,,,,,,,,,,,,,,,,,,,,,,,,,,,
,,,,,,,,,,,,,,,,,,,,,,,,,,,,,,,,,,,,,,,,,
,,,,,,,,,,,,,,,,,,,,,,,,,,,,,,,,,,,,,,,,,
,,,,,,,,,,,,,,,,,,,,,,,,,,,,,,,,,,,,,,,,,
,,,,,,,,,,,,,,,,,,,,,,,,,,,,,,,,,,,,,,,,,
,,,,,,,,,,,,,,,,,,,,,,,,,,,,,,,,,,,,,,,,,
,,,,,,,,,,,,,,,,,,,,,,,,,,,,,,,,,,,,,,,,,
,,,,,,,,,,,,,,,,,,,,,,,,,,,,,,,,,,,,,,,,,
,,,,,,,,,,,,,,,,,,,,,,,,,,,,,,,,,,,,,,,,,
,,,,,,,,,,,,,,,,,,,,,,,,,,,,,,,,,,,,,,,,,
,,,,,,,,,,,,,,,,,,,,,,,,,,,,,,,,,,,,,,,,,
,,,,,,,,,,,,,,,,,,,,,,,,,,,,,,,,,,,,,,,,,
,,,,,,,,,,,,,,,,,,,,,,,,,,,,,,,,,,,,,,,,,
,,,,,,,,,,,,,,,,,,,,,,,,,,,,,,,,,,,,,,,,,
,,,,,,,,,,,,,,,,,,,,,,,,,,,,,,,,,,,,,,,,,
,,,,,,,,,,,,,,,,,,,,,,,,,,,,,,,,,,,,,,,,,
,,,,,,,,,,,,,,,,,,,,,,,,,,,,,,,,,,,,,,,,,
,,,,,,,,,,,,,,,,,,,,,,,,,,,,,,,,,,,,,,,,,
,,,,,,,,,,,,,,,,,,,,,,,,,,,,,,,,,,,,,,,,,
,,,,,,,,,,,,,,,,,,,,,,,,,,,,,,,,,,,,,,,,,
,,,,,,,,,,,,,,,,,,,,,,,,,,,,,,,,,,,,,,,,,
,,,,,,,,,,,,,,,,,,,,,,,,,,,,,,,,,,,,,,,,,
,,,,,,,,,,,,,,,,,,,,,,,,,,,,,,,,,,,,,,,,,
,,,,,,,,,,,,,,,,,,,,,,,,,,,,,,,,,,,,,,,,,
,,,,,,,,,,,,,,,,,,,,,,,,,,,,,,,,,,,,,,,,,
,,,,,,,,,,,,,,,,,,,,,,,,,,,,,,,,,,,,,,,,,
,,,,,,,,,,,,,,,,,,,,,,,,,,,,,,,,,,,,,,,,,
,,,,,,,,,,,,,,,,,,,,,,,,,,,,,,,,,,,,,,,,,
,,,,,,,,,,,,,,,,,,,,,,,,,,,,,,,,,,,,,,,,,
,,,,,,,,,,,,,,,,,,,,,,,,,,,,,,,,,,,,,,,,,
,,,,,,,,,,,,,,,,,,,,,,,,,,,,,,,,,,,,,,,,,
,,,,,,,,,,,,,,,,,,,,,,,,,,,,,,,,,,,,,,,,,
,,,,,,,,,,,,,,,,,,,,,,,,,,,,,,,,,,,,,,,,,
,,,,,,,,,,,,,,,,,,,,,,,,,,,,,,,,,,,,,,,,,
,,,,,,,,,,,,,,,,,,,,,,,,,,,,,,,,,,,,,,,,,
,,,,,,,,,,,,,,,,,,,,,,,,,,,,,,,,,,,,,,,,,
,,,,,,,,,,,,,,,,,,,,,,,,,,,,,,,,,,,,,,,,,
,,,,,,,,,,,,,,,,,,,,,,,,,,,,,,,,,,,,,,,,,
,,,,,,,,,,,,,,,,,,,,,,,,,,,,,,,,,,,,,,,,,
,,,,,,,,,,,,,,,,,,,,,,,,,,,,,,,,,,,,,,,,,
,,,,,,,,,,,,,,,,,,,,,,,,,,,,,,,,,,,,,,,,,
,,,,,,,,,,,,,,,,,,,,,,,,,,,,,,,,,,,,,,,,,
,,,,,,,,,,,,,,,,,,,,,,,,,,,,,,,,,,,,,,,,,
,,,,,,,,,,,,,,,,,,,,,,,,,,,,,,,,,,,,,,,,,
,,,,,,,,,,,,,,,,,,,,,,,,,,,,,,,,,,,,,,,,,
,,,,,,,,,,,,,,,,,,,,,,,,,,,,,,,,,,,,,,,,,
,,,,,,,,,,,,,,,,,,,,,,,,,,,,,,,,,,,,,,,,,
,,,,,,,,,,,,,,,,,,,,,,,,,,,,,,,,,,,,,,,,,
,,,,,,,,,,,,,,,,,,,,,,,,,,,,,,,,,,,,,,,,,
,,,,,,,,,,,,,,,,,,,,,,,,,,,,,,,,,,,,,,,,,
,,,,,,,,,,,,,,,,,,,,,,,,,,,,,,,,,,,,,,,,,
,,,,,,,,,,,,,,,,,,,,,,,,,,,,,,,,,,,,,,,,,
,,,,,,,,,,,,,,,,,,,,,,,,,,,,,,,,,,,,,,,,,
,,,,,,,,,,,,,,,,,,,,,,,,,,,,,,,,,,,,,,,,,
,,,,,,,,,,,,,,,,,,,,,,,,,,,,,,,,,,,,,,,,,
,,,,,,,,,,,,,,,,,,,,,,,,,,,,,,,,,,,,,,,,,
,,,,,,,,,,,,,,,,,,,,,,,,,,,,,,,,,,,,,,,,,
,,,,,,,,,,,,,,,,,,,,,,,,,,,,,,,,,,,,,,,,,
,,,,,,,,,,,,,,,,,,,,,,,,,,,,,,,,,,,,,,,,,
,,,,,,,,,,,,,,,,,,,,,,,,,,,,,,,,,,,,,,,,,
,,,,,,,,,,,,,,,,,,,,,,,,,,,,,,,,,,,,,,,,,
,,,,,,,,,,,,,,,,,,,,,,,,,,,,,,,,,,,,,,,,,
,,,,,,,,,,,,,,,,,,,,,,,,,,,,,,,,,,,,,,,,,
,,,,,,,,,,,,,,,,,,,,,,,,,,,,,,,,,,,,,,,,,
,,,,,,,,,,,,,,,,,,,,,,,,,,,,,,,,,,,,,,,,,
,,,,,,,,,,,,,,,,,,,,,,,,,,,,,,,,,,,,,,,,,
,,,,,,,,,,,,,,,,,,,,,,,,,,,,,,,,,,,,,,,,,
,,,,,,,,,,,,,,,,,,,,,,,,,,,,,,,,,,,,,,,,,
,,,,,,,,,,,,,,,,,,,,,,,,,,,,,,,,,,,,,,,,,
,,,,,,,,,,,,,,,,,,,,,,,,,,,,,,,,,,,,,,,,,
,,,,,,,,,,,,,,,,,,,,,,,,,,,,,,,,,,,,,,,,,
,,,,,,,,,,,,,,,,,,,,,,,,,,,,,,,,,,,,,,,,,
,,,,,,,,,,,,,,,,,,,,,,,,,,,,,,,,,,,,,,,,,
,,,,,,,,,,,,,,,,,,,,,,,,,,,,,,,,,,,,,,,,,
,,,,,,,,,,,,,,,,,,,,,,,,,,,,,,,,,,,,,,,,,
,,,,,,,,,,,,,,,,,,,,,,,,,,,,,,,,,,,,,,,,,
,,,,,,,,,,,,,,,,,,,,,,,,,,,,,,,,,,,,,,,,,
,,,,,,,,,,,,,,,,,,,,,,,,,,,,,,,,,,,,,,,,,
,,,,,,,,,,,,,,,,,,,,,,,,,,,,,,,,,,,,,,,,,
,,,,,,,,,,,,,,,,,,,,,,,,,,,,,,,,,,,,,,,,,
,,,,,,,,,,,,,,,,,,,,,,,,,,,,,,,,,,,,,,,,,
,,,,,,,,,,,,,,,,,,,,,,,,,,,,,,,,,,,,,,,,,
,,,,,,,,,,,,,,,,,,,,,,,,,,,,,,,,,,,,,,,,,
,,,,,,,,,,,,,,,,,,,,,,,,,,,,,,,,,,,,,,,,,
,,,,,,,,,,,,,,,,,,,,,,,,,,,,,,,,,,,,,,,,,
,,,,,,,,,,,,,,,,,,,,,,,,,,,,,,,,,,,,,,,,,
,,,,,,,,,,,,,,,,,,,,,,,,,,,,,,,,,,,,,,,,,
,,,,,,,,,,,,,,,,,,,,,,,,,,,,,,,,,,,,,,,,,
,,,,,,,,,,,,,,,,,,,,,,,,,,,,,,,,,,,,,,,,,
,,,,,,,,,,,,,,,,,,,,,,,,,,,,,,,,,,,,,,,,,
,,,,,,,,,,,,,,,,,,,,,,,,,,,,,,,,,,,,,,,,,
,,,,,,,,,,,,,,,,,,,,,,,,,,,,,,,,,,,,,,,,,
,,,,,,,,,,,,,,,,,,,,,,,,,,,,,,,,,,,,,,,,,
,,,,,,,,,,,,,,,,,,,,,,,,,,,,,,,,,,,,,,,,,
,,,,,,,,,,,,,,,,,,,,,,,,,,,,,,,,,,,,,,,,,
,,,,,,,,,,,,,,,,,,,,,,,,,,,,,,,,,,,,,,,,,
,,,,,,,,,,,,,,,,,,,,,,,,,,,,,,,,,,,,,,,,,
,,,,,,,,,,,,,,,,,,,,,,,,,,,,,,,,,,,,,,,,,
,,,,,,,,,,,,,,,,,,,,,,,,,,,,,,,,,,,,,,,,,
,,,,,,,,,,,,,,,,,,,,,,,,,,,,,,,,,,,,,,,,,
,,,,,,,,,,,,,,,,,,,,,,,,,,,,,,,,,,,,,,,,,
,,,,,,,,,,,,,,,,,,,,,,,,,,,,,,,,,,,,,,,,,
,,,,,,,,,,,,,,,,,,,,,,,,,,,,,,,,,,,,,,,,,
,,,,,,,,,,,,,,,,,,,,,,,,,,,,,,,,,,,,,,,,,
,,,,,,,,,,,,,,,,,,,,,,,,,,,,,,,,,,,,,,,,,
,,,,,,,,,,,,,,,,,,,,,,,,,,,,,,,,,,,,,,,,,
,,,,,,,,,,,,,,,,,,,,,,,,,,,,,,,,,,,,,,,,,
,,,,,,,,,,,,,,,,,,,,,,,,,,,,,,,,,,,,,,,,,
,,,,,,,,,,,,,,,,,,,,,,,,,,,,,,,,,,,,,,,,,
,,,,,,,,,,,,,,,,,,,,,,,,,,,,,,,,,,,,,,,,,
,,,,,,,,,,,,,,,,,,,,,,,,,,,,,,,,,,,,,,,,,
,,,,,,,,,,,,,,,,,,,,,,,,,,,,,,,,,,,,,,,,,
,,,,,,,,,,,,,,,,,,,,,,,,,,,,,,,,,,,,,,,,,
,,,,,,,,,,,,,,,,,,,,,,,,,,,,,,,,,,,,,,,,,
,,,,,,,,,,,,,,,,,,,,,,,,,,,,,,,,,,,,,,,,,
,,,,,,,,,,,,,,,,,,,,,,,,,,,,,,,,,,,,,,,,,
,,,,,,,,,,,,,,,,,,,,,,,,,,,,,,,,,,,,,,,,,
,,,,,,,,,,,,,,,,,,,,,,,,,,,,,,,,,,,,,,,,,
,,,,,,,,,,,,,,,,,,,,,,,,,,,,,,,,,,,,,,,,,
,,,,,,,,,,,,,,,,,,,,,,,,,,,,,,,,,,,,,,,,,
,,,,,,,,,,,,,,,,,,,,,,,,,,,,,,,,,,,,,,,,,
,,,,,,,,,,,,,,,,,,,,,,,,,,,,,,,,,,,,,,,,,
,,,,,,,,,,,,,,,,,,,,,,,,,,,,,,,,,,,,,,,,,
,,,,,,,,,,,,,,,,,,,,,,,,,,,,,,,,,,,,,,,,,
,,,,,,,,,,,,,,,,,,,,,,,,,,,,,,,,,,,,,,,,,
,,,,,,,,,,,,,,,,,,,,,,,,,,,,,,,,,,,,,,,,,
,,,,,,,,,,,,,,,,,,,,,,,,,,,,,,,,,,,,,,,,,
,,,,,,,,,,,,,,,,,,,,,,,,,,,,,,,,,,,,,,,,,
,,,,,,,,,,,,,,,,,,,,,,,,,,,,,,,,,,,,,,,,,
,,,,,,,,,,,,,,,,,,,,,,,,,,,,,,,,,,,,,,,,,
,,,,,,,,,,,,,,,,,,,,,,,,,,,,,,,,,,,,,,,,,
,,,,,,,,,,,,,,,,,,,,,,,,,,,,,,,,,,,,,,,,,
,,,,,,,,,,,,,,,,,,,,,,,,,,,,,,,,,,,,,,,,,
,,,,,,,,,,,,,,,,,,,,,,,,,,,,,,,,,,,,,,,,,
,,,,,,,,,,,,,,,,,,,,,,,,,,,,,,,,,,,,,,,,,
,,,,,,,,,,,,,,,,,,,,,,,,,,,,,,,,,,,,,,,,,
,,,,,,,,,,,,,,,,,,,,,,,,,,,,,,,,,,,,,,,,,
,,,,,,,,,,,,,,,,,,,,,,,,,,,,,,,,,,,,,,,,,
,,,,,,,,,,,,,,,,,,,,,,,,,,,,,,,,,,,,,,,,,
,,,,,,,,,,,,,,,,,,,,,,,,,,,,,,,,,,,,,,,,,
,,,,,,,,,,,,,,,,,,,,,,,,,,,,,,,,,,,,,,,,,
,,,,,,,,,,,,,,,,,,,,,,,,,,,,,,,,,,,,,,,,,
,,,,,,,,,,,,,,,,,,,,,,,,,,,,,,,,,,,,,,,,,
,,,,,,,,,,,,,,,,,,,,,,,,,,,,,,,,,,,,,,,,,
,,,,,,,,,,,,,,,,,,,,,,,,,,,,,,,,,,,,,,,,,
,,,,,,,,,,,,,,,,,,,,,,,,,,,,,,,,,,,,,,,,,
,,,,,,,,,,,,,,,,,,,,,,,,,,,,,,,,,,,,,,,,,
,,,,,,,,,,,,,,,,,,,,,,,,,,,,,,,,,,,,,,,,,
,,,,,,,,,,,,,,,,,,,,,,,,,,,,,,,,,,,,,,,,,
,,,,,,,,,,,,,,,,,,,,,,,,,,,,,,,,,,,,,,,,,
,,,,,,,,,,,,,,,,,,,,,,,,,,,,,,,,,,,,,,,,,
,,,,,,,,,,,,,,,,,,,,,,,,,,,,,,,,,,,,,,,,,
,,,,,,,,,,,,,,,,,,,,,,,,,,,,,,,,,,,,,,,,,
,,,,,,,,,,,,,,,,,,,,,,,,,,,,,,,,,,,,,,,,,
,,,,,,,,,,,,,,,,,,,,,,,,,,,,,,,,,,,,,,,,,
,,,,,,,,,,,,,,,,,,,,,,,,,,,,,,,,,,,,,,,,,
,,,,,,,,,,,,,,,,,,,,,,,,,,,,,,,,,,,,,,,,,
,,,,,,,,,,,,,,,,,,,,,,,,,,,,,,,,,,,,,,,,,
,,,,,,,,,,,,,,,,,,,,,,,,,,,,,,,,,,,,,,,,,
,,,,,,,,,,,,,,,,,,,,,,,,,,,,,,,,,,,,,,,,,
,,,,,,,,,,,,,,,,,,,,,,,,,,,,,,,,,,,,,,,,,
,,,,,,,,,,,,,,,,,,,,,,,,,,,,,,,,,,,,,,,,,
,,,,,,,,,,,,,,,,,,,,,,,,,,,,,,,,,,,,,,,,,
,,,,,,,,,,,,,,,,,,,,,,,,,,,,,,,,,,,,,,,,,
,,,,,,,,,,,,,,,,,,,,,,,,,,,,,,,,,,,,,,,,,
,,,,,,,,,,,,,,,,,,,,,,,,,,,,,,,,,,,,,,,,,
,,,,,,,,,,,,,,,,,,,,,,,,,,,,,,,,,,,,,,,,,
,,,,,,,,,,,,,,,,,,,,,,,,,,,,,,,,,,,,,,,,,
,,,,,,,,,,,,,,,,,,,,,,,,,,,,,,,,,,,,,,,,,
,,,,,,,,,,,,,,,,,,,,,,,,,,,,,,,,,,,,,,,,,
,,,,,,,,,,,,,,,,,,,,,,,,,,,,,,,,,,,,,,,,,
,,,,,,,,,,,,,,,,,,,,,,,,,,,,,,,,,,,,,,,,,
,,,,,,,,,,,,,,,,,,,,,,,,,,,,,,,,,,,,,,,,,
,,,,,,,,,,,,,,,,,,,,,,,,,,,,,,,,,,,,,,,,,
,,,,,,,,,,,,,,,,,,,,,,,,,,,,,,,,,,,,,,,,,
,,,,,,,,,,,,,,,,,,,,,,,,,,,,,,,,,,,,,,,,,
,,,,,,,,,,,,,,,,,,,,,,,,,,,,,,,,,,,,,,,,,
,,,,,,,,,,,,,,,,,,,,,,,,,,,,,,,,,,,,,,,,,
,,,,,,,,,,,,,,,,,,,,,,,,,,,,,,,,,,,,,,,,,
,,,,,,,,,,,,,,,,,,,,,,,,,,,,,,,,,,,,,,,,,
,,,,,,,,,,,,,,,,,,,,,,,,,,,,,,,,,,,,,,,,,
,,,,,,,,,,,,,,,,,,,,,,,,,,,,,,,,,,,,,,,,,
,,,,,,,,,,,,,,,,,,,,,,,,,,,,,,,,,,,,,,,,,
,,,,,,,,,,,,,,,,,,,,,,,,,,,,,,,,,,,,,,,,,
,,,,,,,,,,,,,,,,,,,,,,,,,,,,,,,,,,,,,,,,,
,,,,,,,,,,,,,,,,,,,,,,,,,,,,,,,,,,,,,,,,,
,,,,,,,,,,,,,,,,,,,,,,,,,,,,,,,,,,,,,,,,,
,,,,,,,,,,,,,,,,,,,,,,,,,,,,,,,,,,,,,,,,,
,,,,,,,,,,,,,,,,,,,,,,,,,,,,,,,,,,,,,,,,,
,,,,,,,,,,,,,,,,,,,,,,,,,,,,,,,,,,,,,,,,,
,,,,,,,,,,,,,,,,,,,,,,,,,,,,,,,,,,,,,,,,,
,,,,,,,,,,,,,,,,,,,,,,,,,,,,,,,,,,,,,,,,,
,,,,,,,,,,,,,,,,,,,,,,,,,,,,,,,,,,,,,,,,,
,,,,,,,,,,,,,,,,,,,,,,,,,,,,,,,,,,,,,,,,,
,,,,,,,,,,,,,,,,,,,,,,,,,,,,,,,,,,,,,,,,,
,,,,,,,,,,,,,,,,,,,,,,,,,,,,,,,,,,,,,,,,,
,,,,,,,,,,,,,,,,,,,,,,,,,,,,,,,,,,,,,,,,,
,,,,,,,,,,,,,,,,,,,,,,,,,,,,,,,,,,,,,,,,,
,,,,,,,,,,,,,,,,,,,,,,,,,,,,,,,,,,,,,,,,,
,,,,,,,,,,,,,,,,,,,,,,,,,,,,,,,,,,,,,,,,,
,,,,,,,,,,,,,,,,,,,,,,,,,,,,,,,,,,,,,,,,,
,,,,,,,,,,,,,,,,,,,,,,,,,,,,,,,,,,,,,,,,,
,,,,,,,,,,,,,,,,,,,,,,,,,,,,,,,,,,,,,,,,,
,,,,,,,,,,,,,,,,,,,,,,,,,,,,,,,,,,,,,,,,,
,,,,,,,,,,,,,,,,,,,,,,,,,,,,,,,,,,,,,,,,,
,,,,,,,,,,,,,,,,,,,,,,,,,,,,,,,,,,,,,,,,,
,,,,,,,,,,,,,,,,,,,,,,,,,,,,,,,,,,,,,,,,,
,,,,,,,,,,,,,,,,,,,,,,,,,,,,,,,,,,,,,,,,,
,,,,,,,,,,,,,,,,,,,,,,,,,,,,,,,,,,,,,,,,,
,,,,,,,,,,,,,,,,,,,,,,,,,,,,,,,,,,,,,,,,,
,,,,,,,,,,,,,,,,,,,,,,,,,,,,,,,,,,,,,,,,,
,,,,,,,,,,,,,,,,,,,,,,,,,,,,,,,,,,,,,,,,,
,,,,,,,,,,,,,,,,,,,,,,,,,,,,,,,,,,,,,,,,,
,,,,,,,,,,,,,,,,,,,,,,,,,,,,,,,,,,,,,,,,,
,,,,,,,,,,,,,,,,,,,,,,,,,,,,,,,,,,,,,,,,,
,,,,,,,,,,,,,,,,,,,,,,,,,,,,,,,,,,,,,,,,,
,,,,,,,,,,,,,,,,,,,,,,,,,,,,,,,,,,,,,,,,,
,,,,,,,,,,,,,,,,,,,,,,,,,,,,,,,,,,,,,,,,,
,,,,,,,,,,,,,,,,,,,,,,,,,,,,,,,,,,,,,,,,,
,,,,,,,,,,,,,,,,,,,,,,,,,,,,,,,,,,,,,,,,,
,,,,,,,,,,,,,,,,,,,,,,,,,,,,,,,,,,,,,,,,,
,,,,,,,,,,,,,,,,,,,,,,,,,,,,,,,,,,,,,,,,,
,,,,,,,,,,,,,,,,,,,,,,,,,,,,,,,,,,,,,,,,,
,,,,,,,,,,,,,,,,,,,,,,,,,,,,,,,,,,,,,,,,,
,,,,,,,,,,,,,,,,,,,,,,,,,,,,,,,,,,,,,,,,,
,,,,,,,,,,,,,,,,,,,,,,,,,,,,,,,,,,,,,,,,,
,,,,,,,,,,,,,,,,,,,,,,,,,,,,,,,,,,,,,,,,,
,,,,,,,,,,,,,,,,,,,,,,,,,,,,,,,,,,,,,,,,,
,,,,,,,,,,,,,,,,,,,,,,,,,,,,,,,,,,,,,,,,,
,,,,,,,,,,,,,,,,,,,,,,,,,,,,,,,,,,,,,,,,,
,,,,,,,,,,,,,,,,,,,,,,,,,,,,,,,,,,,,,,,,,
,,,,,,,,,,,,,,,,,,,,,,,,,,,,,,,,,,,,,,,,,
,,,,,,,,,,,,,,,,,,,,,,,,,,,,,,,,,,,,,,,,,
,,,,,,,,,,,,,,,,,,,,,,,,,,,,,,,,,,,,,,,,,
,,,,,,,,,,,,,,,,,,,,,,,,,,,,,,,,,,,,,,,,,
,,,,,,,,,,,,,,,,,,,,,,,,,,,,,,,,,,,,,,,,,
,,,,,,,,,,,,,,,,,,,,,,,,,,,,,,,,,,,,,,,,,
,,,,,,,,,,,,,,,,,,,,,,,,,,,,,,,,,,,,,,,,,
,,,,,,,,,,,,,,,,,,,,,,,,,,,,,,,,,,,,,,,,,
,,,,,,,,,,,,,,,,,,,,,,,,,,,,,,,,,,,,,,,,,
,,,,,,,,,,,,,,,,,,,,,,,,,,,,,,,,,,,,,,,,,
,,,,,,,,,,,,,,,,,,,,,,,,,,,,,,,,,,,,,,,,,
,,,,,,,,,,,,,,,,,,,,,,,,,,,,,,,,,,,,,,,,,
,,,,,,,,,,,,,,,,,,,,,,,,,,,,,,,,,,,,,,,,,
,,,,,,,,,,,,,,,,,,,,,,,,,,,,,,,,,,,,,,,,,
,,,,,,,,,,,,,,,,,,,,,,,,,,,,,,,,,,,,,,,,,
,,,,,,,,,,,,,,,,,,,,,,,,,,,,,,,,,,,,,,,,,
,,,,,,,,,,,,,,,,,,,,,,,,,,,,,,,,,,,,,,,,,
,,,,,,,,,,,,,,,,,,,,,,,,,,,,,,,,,,,,,,,,,
,,,,,,,,,,,,,,,,,,,,,,,,,,,,,,,,,,,,,,,,,
,,,,,,,,,,,,,,,,,,,,,,,,,,,,,,,,,,,,,,,,,
,,,,,,,,,,,,,,,,,,,,,,,,,,,,,,,,,,,,,,,,,
,,,,,,,,,,,,,,,,,,,,,,,,,,,,,,,,,,,,,,,,,
,,,,,,,,,,,,,,,,,,,,,,,,,,,,,,,,,,,,,,,,,
,,,,,,,,,,,,,,,,,,,,,,,,,,,,,,,,,,,,,,,,,
,,,,,,,,,,,,,,,,,,,,,,,,,,,,,,,,,,,,,,,,,
,,,,,,,,,,,,,,,,,,,,,,,,,,,,,,,,,,,,,,,,,
,,,,,,,,,,,,,,,,,,,,,,,,,,,,,,,,,,,,,,,,,
,,,,,,,,,,,,,,,,,,,,,,,,,,,,,,,,,,,,,,,,,
,,,,,,,,,,,,,,,,,,,,,,,,,,,,,,,,,,,,,,,,,
,,,,,,,,,,,,,,,,,,,,,,,,,,,,,,,,,,,,,,,,,
,,,,,,,,,,,,,,,,,,,,,,,,,,,,,,,,,,,,,,,,,
,,,,,,,,,,,,,,,,,,,,,,,,,,,,,,,,,,,,,,,,,
,,,,,,,,,,,,,,,,,,,,,,,,,,,,,,,,,,,,,,,,,
,,,,,,,,,,,,,,,,,,,,,,,,,,,,,,,,,,,,,,,,,
,,,,,,,,,,,,,,,,,,,,,,,,,,,,,,,,,,,,,,,,,
,,,,,,,,,,,,,,,,,,,,,,,,,,,,,,,,,,,,,,,,,
,,,,,,,,,,,,,,,,,,,,,,,,,,,,,,,,,,,,,,,,,
,,,,,,,,,,,,,,,,,,,,,,,,,,,,,,,,,,,,,,,,,
,,,,,,,,,,,,,,,,,,,,,,,,,,,,,,,,,,,,,,,,,
,,,,,,,,,,,,,,,,,,,,,,,,,,,,,,,,,,,,,,,,,
,,,,,,,,,,,,,,,,,,,,,,,,,,,,,,,,,,,,,,,,,
,,,,,,,,,,,,,,,,,,,,,,,,,,,,,,,,,,,,,,,,,
,,,,,,,,,,,,,,,,,,,,,,,,,,,,,,,,,,,,,,,,,
,,,,,,,,,,,,,,,,,,,,,,,,,,,,,,,,,,,,,,,,,
,,,,,,,,,,,,,,,,,,,,,,,,,,,,,,,,,,,,,,,,,
,,,,,,,,,,,,,,,,,,,,,,,,,,,,,,,,,,,,,,,,,
,,,,,,,,,,,,,,,,,,,,,,,,,,,,,,,,,,,,,,,,,
,,,,,,,,,,,,,,,,,,,,,,,,,,,,,,,,,,,,,,,,,
,,,,,,,,,,,,,,,,,,,,,,,,,,,,,,,,,,,,,,,,,
,,,,,,,,,,,,,,,,,,,,,,,,,,,,,,,,,,,,,,,,,
,,,,,,,,,,,,,,,,,,,,,,,,,,,,,,,,,,,,,,,,,
,,,,,,,,,,,,,,,,,,,,,,,,,,,,,,,,,,,,,,,,,
,,,,,,,,,,,,,,,,,,,,,,,,,,,,,,,,,,,,,,,,,
,,,,,,,,,,,,,,,,,,,,,,,,,,,,,,,,,,,,,,,,,
,,,,,,,,,,,,,,,,,,,,,,,,,,,,,,,,,,,,,,,,,
,,,,,,,,,,,,,,,,,,,,,,,,,,,,,,,,,,,,,,,,,
,,,,,,,,,,,,,,,,,,,,,,,,,,,,,,,,,,,,,,,,,
,,,,,,,,,,,,,,,,,,,,,,,,,,,,,,,,,,,,,,,,,
,,,,,,,,,,,,,,,,,,,,,,,,,,,,,,,,,,,,,,,,,
,,,,,,,,,,,,,,,,,,,,,,,,,,,,,,,,,,,,,,,,,
,,,,,,,,,,,,,,,,,,,,,,,,,,,,,,,,,,,,,,,,,
,,,,,,,,,,,,,,,,,,,,,,,,,,,,,,,,,,,,,,,,,
,,,,,,,,,,,,,,,,,,,,,,,,,,,,,,,,,,,,,,,,,
,,,,,,,,,,,,,,,,,,,,,,,,,,,,,,,,,,,,,,,,,
,,,,,,,,,,,,,,,,,,,,,,,,,,,,,,,,,,,,,,,,,
,,,,,,,,,,,,,,,,,,,,,,,,,,,,,,,,,,,,,,,,,
,,,,,,,,,,,,,,,,,,,,,,,,,,,,,,,,,,,,,,,,,
,,,,,,,,,,,,,,,,,,,,,,,,,,,,,,,,,,,,,,,,,
,,,,,,,,,,,,,,,,,,,,,,,,,,,,,,,,,,,,,,,,,
,,,,,,,,,,,,,,,,,,,,,,,,,,,,,,,,,,,,,,,,,
,,,,,,,,,,,,,,,,,,,,,,,,,,,,,,,,,,,,,,,,,
,,,,,,,,,,,,,,,,,,,,,,,,,,,,,,,,,,,,,,,,,
,,,,,,,,,,,,,,,,,,,,,,,,,,,,,,,,,,,,,,,,,
,,,,,,,,,,,,,,,,,,,,,,,,,,,,,,,,,,,,,,,,,
,,,,,,,,,,,,,,,,,,,,,,,,,,,,,,,,,,,,,,,,,
,,,,,,,,,,,,,,,,,,,,,,,,,,,,,,,,,,,,,,,,,
,,,,,,,,,,,,,,,,,,,,,,,,,,,,,,,,,,,,,,,,,
,,,,,,,,,,,,,,,,,,,,,,,,,,,,,,,,,,,,,,,,,
,,,,,,,,,,,,,,,,,,,,,,,,,,,,,,,,,,,,,,,,,
,,,,,,,,,,,,,,,,,,,,,,,,,,,,,,,,,,,,,,,,,
,,,,,,,,,,,,,,,,,,,,,,,,,,,,,,,,,,,,,,,,,
,,,,,,,,,,,,,,,,,,,,,,,,,,,,,,,,,,,,,,,,,
,,,,,,,,,,,,,,,,,,,,,,,,,,,,,,,,,,,,,,,,,
,,,,,,,,,,,,,,,,,,,,,,,,,,,,,,,,,,,,,,,,,
,,,,,,,,,,,,,,,,,,,,,,,,,,,,,,,,,,,,,,,,,
,,,,,,,,,,,,,,,,,,,,,,,,,,,,,,,,,,,,,,,,,
,,,,,,,,,,,,,,,,,,,,,,,,,,,,,,,,,,,,,,,,,
,,,,,,,,,,,,,,,,,,,,,,,,,,,,,,,,,,,,,,,,,
,,,,,,,,,,,,,,,,,,,,,,,,,,,,,,,,,,,,,,,,,
,,,,,,,,,,,,,,,,,,,,,,,,,,,,,,,,,,,,,,,,,
,,,,,,,,,,,,,,,,,,,,,,,,,,,,,,,,,,,,,,,,,
